Country,Description,UnitPrice
Belgium,PARISIENNE CURIO CABINET,7.5
Germany,PARISIENNE CURIO CABINET,7.5
EIRE,PACKING CHARGE,7.5
Channel Islands,PARISIENNE CURIO CABINET,7.5
Singapore,BULL DOG BOTTLE TOP WALL CLOCK,7.5
Spain,PARISIENNE CURIO CABINET,7.5
United Kingdom,BULL DOG BOTTLE TOP WALL CLOCK,7.5
France,PACKING CHARGE,7.5
Israel,PARISIENNE CURIO CABINET,7.5
Italy,PARISIENNE CURIO CABINET,7.5
Norway,PARISIENNE CURIO CABINET,7.5
Netherlands,GREEN METAL BOX ARMY SUPPLIES,7.5
Switzerland,BULL DOG BOTTLE TOP WALL CLOCK,7.5
Australia,70'S ALPHABET WALL ART,7.45
Denmark,DOORMAT AIRMAIL ,7.08
Austria,MR ROBOT SOFT TOY,6.95
USA,TEA TIME TEA SET IN GIFT BOX,6.95
Finland,BLUE CUSHION COVER WITH FLOWER,6.95
Greece,ROUND CAKE TIN VINTAGE GREEN,6.95
Cyprus,DAIRY MAID TRADITIONAL TEAPOT ,6.95
Portugal,RED RETROSPOT TRADITIONAL TEAPOT ,6.95
Malta,SMALL KITCHEN FLOWER POTS PLAQUE,6.95
European Community,BISCUIT TIN VINTAGE GREEN,6.75
Sweden,PHARMACIE FIRST AID TIN,6.75
Lebanon,PHARMACIE FIRST AID TIN,6.75
Brazil,DOORMAT AIRMAIL ,6.75
Poland,PICTURE FRAME WOOD TRIPLE PORTRAIT,6.75
Japan,RED RETROSPOT MINI CASES,6.35
Canada,GRASS HOPPER WOODEN WALL CLOCK ,5.95
Lithuania,EDWARDIAN PARASOL BLACK,5.95
Iceland,TEA TIME KITCHEN APRON,5.95
Saudi Arabia,GOLD EAR MUFF HEADPHONES,5.49
United Arab Emirates,PINK HAPPY BIRTHDAY BUNTING,5.45
RSA,PINK HAPPY BIRTHDAY BUNTING,5.45
Bahrain,STRAWBERRY FAIRY CAKE TEAPOT,4.95
Czech Republic,MEMO BOARD COTTAGE DESIGN,4.95
