Description,Quantity
CHILLI LIGHTS,875
PACK OF 72 RETROSPOT CAKE CASES,828
ROSES REGENCY TEACUP AND SAUCER ,655
PACK OF 60 DINOSAUR CAKE CASES,580
JAM MAKING SET PRINTED,566
60 TEATIME FAIRY CAKE CASES,559
DISCO BALL CHRISTMAS DECORATION,552
POPCORN HOLDER,537
VINTAGE SNAP CARDS,536
LUNCH BAG RED RETROSPOT,531
SET OF 60 PANTRY DESIGN CAKE CASES ,521
GREEN REGENCY TEACUP AND SAUCER,521
PACK OF 60 PINK PAISLEY CAKE CASES,519
72 SWEETHEART FAIRY CAKE CASES,513
SET OF 3 WOODEN HEART DECORATIONS,502
WHITE HANGING HEART T-LIGHT HOLDER,499
SMALL DOLLY MIX DESIGN ORANGE BOWL,489
CLEAR DRAWER KNOB ACRYLIC EDWARDIAN,481
WHITE SPOT RED CERAMIC DRAWER KNOB,481
LUNCH BAG WOODLAND,459
SET OF 60 VINTAGE LEAF CAKE CASES ,459
NATURAL SLATE HEART CHALKBOARD ,458
60 CAKE CASES DOLLY GIRL DESIGN,457
BLACK RECORD COVER FRAME,451
LUNCH BAG APPLE DESIGN,447
LUNCH BAG PINK POLKADOT,431
WHITE SPOT BLUE CERAMIC DRAWER KNOB,430
WOODEN STAR CHRISTMAS SCANDINAVIAN,430
LUNCH BAG  BLACK SKULL.,430
PARTY BUNTING,428
REGENCY TEA PLATE ROSES ,427
RED RETROSPOT WRAP ,425
LUNCH BAG SPACEBOY DESIGN ,423
BLUE STRIPE CERAMIC DRAWER KNOB,422
BOX OF 24 COCKTAIL PARASOLS,421
SET OF 4 PANTRY JELLY MOULDS,417
PINK REGENCY TEACUP AND SAUCER,413
RED RETROSPOT CHARLOTTE BAG,410
VICTORIAN GLASS HANGING T-LIGHT,409
WOODEN PICTURE FRAME WHITE FINISH,402
SKULLS AND CROSSBONES WRAP,400
PLACE SETTING WHITE HEART,399
JUMBO BAG RED RETROSPOT,398
RED STRIPE CERAMIC DRAWER KNOB,396
LUNCH BAG CARS BLUE,394
STRAWBERRY CHARLOTTE BAG,393
GARDENERS KNEELING PAD KEEP CALM ,391
SPACEBOY LUNCH BOX ,390
SMALL MARSHMALLOWS PINK BOWL,387
CLOTHES PEGS RETROSPOT PACK 24 ,383
REGENCY TEA PLATE GREEN ,378
SPOTTY BUNTING,372
CHARLOTTE BAG PINK POLKADOT,365
WOODEN HEART CHRISTMAS SCANDINAVIAN,360
PACK OF 20 NAPKINS PANTRY DESIGN,359
LUNCH BAG ALPHABET DESIGN,359
SET OF 12 FAIRY CAKE BAKING CASES,356
DOLLY GIRL LUNCH BOX,355
RED  HARMONICA IN BOX ,354
GINGHAM HEART DECORATION,354
ANTIQUE SILVER T-LIGHT GLASS,353
GREEN DRAWER KNOB ACRYLIC EDWARDIAN,352
6 RIBBONS RUSTIC CHARM,349
HANGING HEART MIRROR DECORATION ,349
ASS FLORAL PRINT MULTI SCREWDRIVER,349
SET OF 3 WOODEN STOCKING DECORATION,348
LUNCH BAG DOLLY GIRL DESIGN,341
MINIATURE ANTIQUE ROSE HOOK IVORY,339
JAM MAKING SET WITH JARS,338
HEART OF WICKER SMALL,337
SPACEBOY BIRTHDAY CARD,334
SET OF 3 WOODEN SLEIGH DECORATIONS,334
PACK OF 12 SUKI TISSUES ,333
PACK OF 12 RED RETROSPOT TISSUES ,326
WRAP ENGLISH ROSE ,325
SET/20 RED RETROSPOT PAPER NAPKINS ,324
RECIPE BOX PANTRY YELLOW DESIGN,323
GARDENERS KNEELING PAD CUP OF TEA ,320
REGENCY TEA PLATE PINK,316
PACK OF 12 HEARTS DESIGN TISSUES ,315
SINGLE ANTIQUE ROSE HOOK IVORY,313
HANGING HEART ZINC T-LIGHT HOLDER,312
WOODEN FRAME ANTIQUE WHITE ,310
CHARLOTTE BAG DOLLY GIRL DESIGN,307
PINK DRAWER KNOB ACRYLIC EDWARDIAN,305
JUMBO BAG ALPHABET,300
JAZZ HEARTS ADDRESS BOOK,300
BLUE SPOT CERAMIC DRAWER KNOB,297
CHOCOLATE HOT WATER BOTTLE,294
SET OF 12 MINI LOAF BAKING CASES,294
GINGERBREAD MAN COOKIE CUTTER,293
COOK WITH WINE METAL SIGN ,293
BLUE HARMONICA IN BOX ,293
WOOD 2 DRAWER CABINET WHITE FINISH,291
ASSORTED COLOUR LIZARD SUCTION HOOK,289
SWALLOWS GREETING CARD,285
JUMBO BAG VINTAGE LEAF,283
"FEATHER PEN,HOT PINK",279
PAPER BUNTING RETROSPOT,277
TOILET SIGN OCCUPIED OR VACANT,277
RED HANGING HEART T-LIGHT HOLDER,277
BLUE POLKADOT WRAP,275
PINK POLKADOT WRAP ,275
SPACEBOY GIFT WRAP,275
FANCY FONTS BIRTHDAY WRAP,275
PAPER CHAIN KIT 50'S CHRISTMAS ,274
WOODLAND CHARLOTTE BAG,273
RED DRAWER KNOB ACRYLIC EDWARDIAN,273
SET OF 20 VINTAGE CHRISTMAS NAPKINS,272
METAL DECORATION NAUGHTY CHILDREN ,270
"RECORD FRAME 7"" SINGLE SIZE ",268
SET OF 3 WOODEN TREE DECORATIONS,268
4 TRADITIONAL SPINNING TOPS,266
HANGING METAL HEART LANTERN,264
PHOTO FRAME CORNICE,264
PACK OF 60 SPACEBOY CAKE CASES,264
HANGING HEART JAR T-LIGHT HOLDER,264
NATURAL SLATE RECTANGLE CHALKBOARD,262
TEA BAG PLATE RED RETROSPOT,262
SET OF 3 HEART COOKIE CUTTERS,261
PACK OF 72 SKULL CAKE CASES,260
SET OF 2 CHRISTMAS DECOUPAGE CANDLE,259
LUNCH BAG SUKI DESIGN ,257
CHARLOTTE BAG APPLES DESIGN,253
TEA PARTY BIRTHDAY CARD,253
WRAP RED APPLES ,250
TRAVEL CARD WALLET KEEP CALM,250
WRAP ALPHABET DESIGN,250
RABBIT NIGHT LIGHT,250
LUNCH BAG VINTAGE DOILY ,249
60 CAKE CASES VINTAGE CHRISTMAS,249
SET OF 3 REGENCY CAKE TINS,247
GUMBALL COAT RACK,246
SMALL PURPLE BABUSHKA NOTEBOOK ,243
PAPER BUNTING WHITE LACE,243
GIN + TONIC DIET METAL SIGN,241
SET OF 6 SNACK LOAF BAKING CASES,241
JUMBO BAG STRAWBERRY,239
VINYL RECORD FRAME SILVER,239
ASSORTED COLOUR BIRD ORNAMENT,239
HOT WATER BOTTLE KEEP CALM,237
LUNCH BAG VINTAGE LEAF DESIGN,236
SET OF 20 KIDS COOKIE CUTTERS,236
WOODEN TREE CHRISTMAS SCANDINAVIAN,234
HEART OF WICKER LARGE,234
PACK OF 12 WOODLAND TISSUES ,234
CHARLOTTE BAG SUKI DESIGN,234
BLUE DRAWER KNOB ACRYLIC EDWARDIAN,231
SET OF 6 TEA TIME BAKING CASES,231
SET OF 3 HANGING OWLS OLLIE BEAK,230
HANGING METAL STAR LANTERN,230
LOVE HOT WATER BOTTLE,230
"FANCY FONT BIRTHDAY CARD, ",228
SET/10 RED POLKADOT PARTY CANDLES,228
SMALL POPCORN HOLDER,226
PACK OF 12 TRADITIONAL CRAYONS,225
WRAP PINK FAIRY CAKES ,225
WOODEN SCHOOL COLOURING SET,225
RED TOADSTOOL LED NIGHT LIGHT,225
WHITE SKULL HOT WATER BOTTLE ,224
JUMBO SHOPPER VINTAGE RED PAISLEY,224
HOMEMADE JAM SCENTED CANDLES,221
PANTRY MAGNETIC  SHOPPING LIST,220
SET OF 3 BUTTERFLY COOKIE CUTTERS,219
GLITTER HANGING BUTTERFLY STRING,219
SET OF 3 CAKE TINS PANTRY DESIGN ,219
ZINC FOLKART SLEIGH BELLS,217
GIN & TONIC DIET GREETING CARD ,216
FILIGRIS HEART WITH BUTTERFLY,216
PARTY METAL SIGN ,216
"FEATHER PEN,COAL BLACK",216
SET 12 KIDS COLOUR  CHALK STICKS,215
HEART WREATH DECORATION WITH BELL,214
JUMBO BAG VINTAGE DOILY ,214
REGENCY SUGAR BOWL GREEN,212
CHARLOTTE BAG VINTAGE ALPHABET ,211
REGENCY MILK JUG PINK ,210
ZINC METAL HEART DECORATION,210
SET 12 RETRO WHITE CHALK STICKS,209
PACK OF 60 MUSHROOM CAKE CASES,208
LOVEBIRD HANGING DECORATION WHITE ,208
SET OF 60 I LOVE LONDON CAKE CASES ,207
ANTIQUE GLASS DRESSING TABLE POT,207
PACK OF 12 PINK PAISLEY TISSUES ,204
TOILET METAL SIGN,204
HEART IVORY TRELLIS SMALL,204
COLOUR GLASS T-LIGHT HOLDER HANGING,204
ASSORTED COLOURS SILK FAN,204
LUNCH BAG DOILEY PATTERN ,202
WRAP CHRISTMAS VILLAGE,201
SET OF 3 NOTEBOOKS IN PARCEL,201
BLUE/CREAM STRIPE CUSHION COVER ,200
PAPER BUNTING COLOURED LACE,200
HEART FILIGREE DOVE  SMALL,197
RED SPOT CERAMIC DRAWER KNOB,196
SMALL CHOCOLATES PINK BOWL,196
SMALL RED BABUSHKA NOTEBOOK ,196
WOODEN BOX OF DOMINOES,196
EMBOSSED GLASS TEALIGHT HOLDER,195
ROTATING SILVER ANGELS T-LIGHT HLDR,195
SET/10 PINK POLKADOT PARTY CANDLES,194
SMALL HEART MEASURING SPOONS,194
STRAWBERRY CERAMIC TRINKET BOX,193
GIANT 50'S CHRISTMAS CRACKER,192
MOROCCAN TEA GLASS,192
SKULLS GREETING CARD,192
ENGLISH ROSE HOT WATER BOTTLE,191
SMALL YELLOW BABUSHKA NOTEBOOK ,191
FRENCH ENAMEL CANDLEHOLDER,190
BEWARE OF THE CAT METAL SIGN ,190
PINK CREAM FELT CRAFT TRINKET BOX ,189
PURPLE DRAWERKNOB ACRYLIC EDWARDIAN,188
JINGLE BELL HEART DECORATION,188
EDWARDIAN PARASOL NATURAL,187
PLEASE ONE PERSON METAL SIGN,187
PACK OF 12 PINK POLKADOT TISSUES,187
PAPER CHAIN KIT RETROSPOT,186
JUMBO BAG SPACEBOY DESIGN,186
ANTIQUE SILVER TEA GLASS ENGRAVED,184
VINTAGE HEADS AND TAILS CARD GAME ,184
PANTRY ROLLING PIN,182
SET OF 12  VINTAGE POSTCARD SET,182
LIPSTICK PEN RED,182
WHITE ROCKING HORSE HAND PAINTED,182
HOT WATER BOTTLE I AM SO POORLY,182
BATHROOM METAL SIGN,181
TRADITIONAL WOODEN CATCH CUP GAME ,181
SET/5 RED RETROSPOT LID GLASS BOWLS,180
FLORAL FOLK STATIONERY SET,180
SET OF 3 BIRD LIGHT PINK FEATHER ,180
GLASS JAR ENGLISH CONFECTIONERY,180
DANISH ROSE PHOTO FRAME,180
CHOCOLATE THIS WAY METAL SIGN,177
SMALL WHITE HEART OF WICKER,177
SET/10 BLUE POLKADOT PARTY CANDLES,176
RETROSPOT HEART HOT WATER BOTTLE,176
PACK OF 12 SPACEBOY TISSUES,176
RETROSPOT TEA SET CERAMIC 11 PC ,175
JAZZ HEARTS PURSE NOTEBOOK,175
HEART IVORY TRELLIS LARGE,175
VINTAGE KID DOLLY CARD ,173
ASSORTED CREEPY CRAWLIES,173
LAVENDER SCENTED FABRIC HEART,172
RIBBON REEL CHRISTMAS SOCK BAUBLE,171
PHOTO CUBE,170
ROBOT BIRTHDAY CARD,170
CHERUB HEART DECORATION SILVER ,168
HANGING JAM JAR T-LIGHT HOLDER,168
GROW A FLYTRAP OR SUNFLOWER IN TIN,168
12 PENCILS TALL TUBE POSY,168
ICE CREAM SUNDAE LIP GLOSS,168
BANQUET BIRTHDAY  CARD  ,168
SET OF 9 BLACK SKULL BALLOONS,167
JUMBO BAG APPLES,167
PANTRY WASHING UP BRUSH,167
HEART WOODEN CHRISTMAS DECORATION,167
PENNY FARTHING BIRTHDAY CARD,167
BAKING SET 9 PIECE RETROSPOT ,166
CARD BILLBOARD FONT,165
JUMBO BAG PINK POLKADOT,165
MODERN FLORAL STATIONERY SET,163
PINK BLUE FELT CRAFT TRINKET BOX,163
PACK OF 20 SKULL PAPER NAPKINS,163
PLASTERS IN TIN WOODLAND ANIMALS,163
PLASTERS IN TIN CIRCUS PARADE ,163
"FEATHER PEN,LIGHT PINK",162
TRAVEL CARD WALLET SUKI,162
ROTATING LEAVES T-LIGHT HOLDER,162
MINI CAKE STAND T-LIGHT HOLDER,161
SET/6 RED SPOTTY PAPER CUPS,160
SCANDINAVIAN REDS RIBBONS,160
SET OF 72 RETROSPOT PAPER  DOILIES,160
SUKI  SHOULDER BAG,159
SWEETHEART CERAMIC TRINKET BOX,159
FILIGREE HEART DAISY WHITE,158
LAUREL HEART ANTIQUE SILVER,158
RED RETROSPOT PEG BAG,157
TEA TIME OVEN GLOVE,157
COLOUR GLASS. STAR T-LIGHT HOLDER,157
CHRISTMAS STAR WISH LIST CHALKBOARD,157
ROCKING HORSE RED CHRISTMAS ,157
GARLAND WOODEN HAPPY EASTER,156
RED ROCKING HORSE HAND PAINTED,156
EDWARDIAN PARASOL BLACK,155
RAINY LADIES BIRTHDAY CARD,155
HOT WATER BOTTLE TEA AND SYMPATHY,154
SKULL SHOULDER BAG,153
BAG 250g SWIRLY MARBLES,153
HEART DECORATION PAINTED ZINC ,153
SET 40 HEART SHAPE PETIT FOUR CASES,153
WRAP 50'S  CHRISTMAS,151
COWBOYS AND INDIANS BIRTHDAY CARD ,149
ENGLISH ROSE GARDEN SECATEURS,149
SMALL HANGING IVORY/RED WOOD BIRD,149
CLASSIC CAFE SUGAR DISPENSER,149
POLKADOT COFFEE CUP & SAUCER PINK,148
DRAWER KNOB CRACKLE GLAZE IVORY,148
HOME BUILDING BLOCK WORD,148
GIRAFFE WOODEN RULER,148
HAND OVER THE CHOCOLATE   SIGN ,147
CHRISTMAS RETROSPOT ANGEL WOOD,147
COLOURING PENCILS BROWN TUBE,147
CARD GINGHAM ROSE ,146
SCOTTIE DOG HOT WATER BOTTLE,146
CHRISTMAS CRAFT TREE TOP ANGEL,146
JUMBO BAG PINK VINTAGE PAISLEY,146
ENGLISH ROSE NOTEBOOK A7 SIZE,146
CHRISTMAS TOILET ROLL,146
6 ROCKET BALLOONS ,145
SET OF 36 PAISLEY FLOWER DOILIES,145
STRAWBERRY LUNCH BOX WITH CUTLERY,145
12 PENCIL SMALL TUBE WOODLAND,145
PLASTERS IN TIN VINTAGE PAISLEY ,145
15CM CHRISTMAS GLASS BALL 20 LIGHTS,144
ICE CREAM PEN LIP GLOSS ,144
KNICKERBOCKERGLORY MAGNET ASSORTED ,144
ALARM CLOCK BAKELIKE RED ,143
SILVER HANGING T-LIGHT HOLDER,143
KNEELING MAT HOUSEWORK  DESIGN,143
REGENCY SUGAR TONGS,142
PAPER BUNTING VINTAGE PAISLEY,142
GLASS JAR DIGESTIVE BISCUITS,142
PLASTERS IN TIN SKULLS,141
SET 20 NAPKINS FAIRY CAKES DESIGN ,141
SET/6 COLLAGE PAPER PLATES,141
SET OF 6 SPICE TINS PANTRY DESIGN,141
PACK OF 6 BIRDY GIFT TAGS,140
STAR WOODEN CHRISTMAS DECORATION,139
12 IVORY ROSE PEG PLACE SETTINGS,139
PACK OF 12 SKULL TISSUES,139
SMALL CERAMIC TOP STORAGE JAR ,139
TRADITIONAL KNITTING NANCY,139
RED RETROSPOT SHOPPER BAG,139
MULTI COLOUR SILVER T-LIGHT HOLDER,138
DRAWER KNOB CRACKLE GLAZE PINK,138
FUNKY WASHING UP GLOVES ASSORTED,137
PICTURE DOMINOES,137
SET OF SALT AND PEPPER TOADSTOOLS,137
FILIGREE HEART BUTTERFLY WHITE ,137
BUNDLE OF 3 ALPHABET EXERCISE BOOKS,136
LARGE CAKE TOWEL CHOCOLATE SPOTS,136
FAIRY CAKE FLANNEL ASSORTED COLOUR,136
PANTRY SCRUBBING BRUSH,136
FRENCH WC SIGN BLUE METAL,135
FELT EGG COSY CHICKEN,134
"ELEPHANT, BIRTHDAY CARD, ",134
PACK OF 20 NAPKINS RED APPLES,133
GREY HEART HOT WATER BOTTLE,133
CARD WEDDING DAY,132
JUMBO  BAG BAROQUE BLACK WHITE,132
TRAVEL SEWING KIT,132
RIBBON REEL CHRISTMAS PRESENT ,131
SINGLE HEART ZINC T-LIGHT HOLDER,131
TOXIC AREA  DOOR HANGER ,130
APPLE BATH SPONGE,130
SET 12 COLOUR PENCILS SPACEBOY ,130
CHRISTMAS GINGHAM STAR,130
TRADITIONAL MODELLING CLAY,130
LARGE CERAMIC TOP STORAGE JAR,130
RED RETROSPOT BOWL,129
LARGE HEART MEASURING SPOONS,129
I'M ON HOLIDAY METAL SIGN,129
TRAVEL CARD WALLET UNION JACK,129
NO SINGING METAL SIGN,129
SET OF 4 KNICK KNACK TINS DOILY ,129
CLASSIC GLASS COOKIE JAR,128
JUMBO BAG OWLS,128
LARGE CAKE TOWEL PINK SPOTS,128
ENGLISH ROSE SPIRIT LEVEL ,128
MEDIUM CERAMIC TOP STORAGE JAR,128
ZINC T-LIGHT HOLDER STARS SMALL,128
JUMBO BAG 50'S CHRISTMAS ,127
JUMBO BAG DOLLY GIRL DESIGN,127
CHRISTMAS CRAFT LITTLE FRIENDS,127
SET/6 RED SPOTTY PAPER PLATES,126
SET OF 4 ENGLISH ROSE PLACEMATS,126
BISCUIT TIN VINTAGE RED,126
WRAP VINTAGE LEAF DESIGN,125
JAM JAR WITH PINK LID,125
WRAP I LOVE LONDON ,125
WRAP GREEN PEARS ,125
WRAP BIRD GARDEN ,125
STRAWBERRY BATH SPONGE ,125
WRAP SUKI AND FRIENDS,125
GINGHAM ROSE WRAP,125
LUNCH BOX I LOVE LONDON,124
CHICK GREY HOT WATER BOTTLE,124
DRAWER KNOB CERAMIC IVORY,124
DOUGHNUT LIP GLOSS ,124
TRIPLE HOOK ANTIQUE IVORY ROSE,123
HOME SWEET HOME HANGING HEART,123
JUMBO STORAGE BAG SUKI,123
CARD CIRCUS PARADE,123
SKETCHBOOK MAGNETIC SHOPPING LIST,122
TEA TIME PARTY BUNTING,122
"SWISS ROLL TOWEL, CHOCOLATE  SPOTS",122
SET OF 36 DOILIES PANTRY DESIGN,122
SET OF 5 LUCKY CAT MAGNETS ,121
PAINTED METAL PEARS ASSORTED,121
SMALL HEART FLOWERS HOOK ,121
LIPSTICK PEN BABY PINK,121
WAKE UP COCKEREL TILE COASTER,121
"WHITE TEA,COFFEE,SUGAR JARS",121
SET 6 PAPER TABLE LANTERN STARS ,120
CHINESE DRAGON PAPER LANTERNS,120
BASKET OF TOADSTOOLS,120
PINK FAIRY CAKE CHILDRENS APRON,120
TRAVEL CARD WALLET SKULLS,120
SILVER BELLS TABLE DECORATION,120
ASSORTED COLOUR T-LIGHT HOLDER,120
REINDEER HEART DECORATION GOLD,119
WATERING CAN BLUE ELEPHANT,118
PLACE SETTING WHITE STAR,118
CHRISTMAS GINGHAM TREE,118
NATURAL SLATE CHALKBOARD LARGE ,117
SWALLOW WOODEN CHRISTMAS DECORATION,117
3 ROSE MORRIS BOXED CANDLES,117
PINK VINTAGE PAISLEY PICNIC BAG,117
HERB MARKER ROSEMARY,116
CANDLEHOLDER PINK HANGING HEART,116
ASSORTED MONKEY SUCTION CUP HOOK,116
PACK OF 6 SKULL PAPER PLATES,116
DO NOT TOUCH MY STUFF DOOR HANGER ,115
BISCUITS SMALL BOWL LIGHT BLUE,115
STRAWBERRY SHOPPER BAG,115
PAPER CHAIN KIT VINTAGE CHRISTMAS,115
GLASS CLOCHE SMALL,115
JUMBO BAG WOODLAND ANIMALS,114
SKULLS  STICKERS,114
LOVE BUILDING BLOCK WORD,114
UNION JACK FLAG LUGGAGE TAG,114
SILVER STARS TABLE DECORATION,114
CHRISTMAS METAL TAGS ASSORTED ,114
ALARM CLOCK BAKELIKE PINK,114
PIGGY BANK RETROSPOT ,113
GLAMOROUS  MUG,113
GLASS HEART T-LIGHT HOLDER ,112
S/4 VALENTINE DECOUPAGE HEART BOX,112
TRAVEL CARD WALLET VINTAGE TICKET,112
CREAM CUPID HEARTS COAT HANGER,111
STAR WREATH DECORATION WITH BELL,111
LARGE PURPLE BABUSHKA NOTEBOOK  ,111
RED WOOLLY HOTTIE WHITE HEART.,111
BISCUIT TIN VINTAGE GREEN,111
VINTAGE SNAKES & LADDERS,110
PACK OF 12 LONDON TISSUES ,110
12 RED ROSE PEG PLACE SETTINGS,110
REGENCY TEA SPOON,110
EGG CUP NATURAL CHICKEN,110
HERB MARKER BASIL,109
SET/4 SKULL BADGES,109
WOODEN HAPPY BIRTHDAY GARLAND,109
JINGLE BELL HEART ANTIQUE SILVER,109
EASTER DECORATION EGG BUNNY ,109
JUMBO BAG SCANDINAVIAN BLUE PAISLEY,108
ASSORTED TUTTI FRUTTI PEN,108
SET/6 PURPLE BUTTERFLY T-LIGHTS,108
GIN AND TONIC MUG,108
TOAST ITS - I LOVE YOU ,108
TRADITIONAL CHRISTMAS RIBBONS,108
SCANDINAVIAN PAISLEY PICNIC BAG,107
RED RETROSPOT OVEN GLOVE ,107
20 DOLLY PEGS RETROSPOT,107
FOLDING BUTTERFLY MIRROR IVORY ,106
JAM JAR WITH GREEN LID,106
SCANDINAVIAN 3 HEARTS NAPKIN RING,106
CHERUB HEART DECORATION GOLD,106
RIBBON REEL STRIPES DESIGN ,106
"ART LIGHTS,FUNK MONKEY",106
SET/20 STRAWBERRY PAPER NAPKINS ,106
GROW YOUR OWN BASIL IN ENAMEL MUG,105
SET OF 72 PINK HEART PAPER DOILIES,105
FELTCRAFT BUTTERFLY HEARTS,105
SET OF 9 HEART SHAPED BALLOONS,105
BIRD HOUSE HOT WATER BOTTLE,105
FAWN BLUE HOT WATER BOTTLE,105
TOAST ITS - BEST MUM,104
HEART T-LIGHT HOLDER WILLIE WINKIE,104
PACK OF 12 BLUE PAISLEY TISSUES ,104
HEART DECORATION RUSTIC HANGING ,104
WASHROOM METAL SIGN,103
NOEL GARLAND PAINTED ZINC ,103
HERB MARKER PARSLEY,103
WORLD WAR 2 GLIDERS ASSTD DESIGNS,103
RECIPE BOX RETROSPOT ,103
BIRDCAGE DECORATION TEALIGHT HOLDER,103
PINK NEW BAROQUECANDLESTICK CANDLE,102
YOU'RE CONFUSING ME METAL SIGN ,102
ALARM CLOCK BAKELIKE GREEN,102
SMALL FOLDING SCISSOR(POINTED EDGE),102
VINTAGE PAISLEY STATIONERY SET,102
FILIGREE HEART BIRD WHITE ,101
SWEETHEART RECIPE BOOK STAND,101
HEARTS  STICKERS,101
SET OF 5 PANCAKE DAY MAGNETS,101
FOUR HOOK  WHITE LOVEBIRDS,101
WRAP BILLBOARD FONTS DESIGN,100
AGED GLASS SILVER T-LIGHT HOLDER,100
DOORMAT FANCY FONT HOME SWEET HOME,100
WRAP DOILEY DESIGN,100
GRAND CHOCOLATECANDLE,100
WATERING CAN PINK BUNNY,100
EMPIRE GIFT WRAP,100
WOOD BLACK BOARD ANT WHITE FINISH,100
JUMBO STORAGE BAG SKULLS,99
HOME SWEET HOME MUG,99
6 RIBBONS SHIMMERING PINKS ,99
GLITTER BUTTERFLY CLIPS,99
STRAWBERRY CERAMIC TRINKET POT,99
BUNNY WOODEN PAINTED WITH FLOWER ,98
3 TRADITIONAl BISCUIT CUTTERS  SET,98
URBAN BLACK RIBBONS ,98
LIPSTICK PEN FUSCHIA,98
WICKER STAR ,98
ENVELOPE 50 BLOSSOM IMAGES,98
EDWARDIAN PARASOL RED,98
"AIRLINE LOUNGE,METAL SIGN",97
JUMBO BAG TOYS ,97
LARGE RED BABUSHKA NOTEBOOK ,97
HERB MARKER THYME,97
DECORATIVE CATS BATHROOM BOTTLE,97
METAL SIGN TAKE IT OR LEAVE IT ,97
POTTERING IN THE SHED METAL SIGN,96
SET/6 COLLAGE PAPER CUPS,96
BLUE NEW BAROQUE CANDLESTICK CANDLE,96
"BIRTHDAY CARD, RETRO SPOT",96
BLUE EGG  SPOON,96
REGENCY CAKE FORK,96
WOOD STAMP SET THANK YOU,96
SMOKEY GREY COLOUR D.O.F. GLASS,96
PAINTED METAL STAR WITH HOLLY BELLS,96
ENAMEL WASH BOWL CREAM,95
RED LOVE HEART SHAPE CUP,95
PANTRY PASTRY BRUSH,95
3D VINTAGE CHRISTMAS STICKERS ,95
ZINC WILLIE WINKIE  CANDLE STICK,95
RED RETROSPOT PICNIC BAG,94
SET OF 4 ENGLISH ROSE COASTERS,94
IVORY HANGING DECORATION  EGG,94
IVORY WICKER HEART LARGE,93
SET OF 36 TEATIME PAPER DOILIES,93
CHILDRENS APRON SPACEBOY DESIGN,93
ENAMEL FLOWER JUG CREAM,93
RED GINGHAM ROSE JEWELLERY BOX,93
TOAST ITS - FAIRY FLOWER,92
BLUE CHARLIE+LOLA PERSONAL DOORSIGN,92
DAIRY MAID TOASTRACK,92
HERB MARKER MINT,92
CAKE PLATE LOVEBIRD WHITE,92
FOOD CONTAINER SET 3 LOVE HEART ,92
CIRCUS PARADE LUNCH BOX ,92
DRAWER KNOB CRACKLE GLAZE GREEN,91
RED RETROSPOT PLATE ,91
GLASS BON BON JAR,91
PACK OF 6 SKULL PAPER CUPS,91
ORANGE TV TRAY TABLE ,91
BUNDLE OF 3 RETRO NOTE BOOKS,91
WOOD STOCKING CHRISTMAS SCANDISPOT,90
VINTAGE CHRISTMAS STOCKING ,90
CHARLIE AND LOLA FIGURES TINS,90
REINDEER HEART DECORATION SILVER,90
AIRLINE BAG VINTAGE JET SET RED,90
CERAMIC CHERRY CAKE MONEY BANK,90
NO JUNK MAIL METAL SIGN,90
TRAVEL CARD WALLET RETROSPOT,89
LARGE WHITE HEART OF WICKER,89
SET OF TEA COFFEE SUGAR TINS PANTRY,89
AIRLINE BAG VINTAGE TOKYO 78,89
OVEN MITT APPLES DESIGN,89
PINK HEART SHAPE EGG FRYING PAN,88
RAIN PONCHO RETROSPOT,88
REVOLVER WOODEN RULER ,88
MINI PLAYING CARDS BUFFALO BILL ,88
VICTORIAN SEWING KIT,88
HEART DECORATION WITH PEARLS ,88
SET/12 TAPER CANDLES,88
CALENDAR PAPER CUT DESIGN,88
REGENCY TEA STRAINER,87
PANDA AND BUNNIES STICKER SHEET,87
ROUND SNACK BOXES SET OF4 WOODLAND ,87
LAUREL HEART ANTIQUE GOLD,87
TRAVEL CARD WALLET FLOWER MEADOW,87
SKULL DESIGN TV DINNER TRAY,87
FOLKART ZINC HEART CHRISTMAS DEC,87
CARD DOLLY GIRL ,87
SET OF 6 SOLDIER SKITTLES,87
SANDALWOOD FAN,87
VINTAGE DOILY TRAVEL SEWING KIT,87
BAKING MOULD CHOCOLATE CUPCAKES,87
RETROSPOT WOODEN HEART DECORATION,87
CHARLIE AND LOLA TABLE TINS,86
MAGIC TREE -PAPER FLOWERS,86
RETROSPOT PARTY BAG + STICKER SET,86
WOOD STAMP SET FLOWERS,86
VINTAGE CARAVAN GREETING CARD ,86
BUNNY WOODEN PAINTED WITH BIRD ,86
DECORATIVE ROSE BATHROOM BOTTLE,86
SET OF 4 SANTA PLACE SETTINGS,86
SET OF 3 CAKE TINS SKETCHBOOK,86
AREA PATROLLED METAL SIGN,85
BLUE HAPPY BIRTHDAY BUNTING,85
RETROSPOT CHILDRENS APRON,85
BEADED CRYSTAL HEART PINK ON STICK,85
VINTAGE GLASS T-LIGHT HOLDER,85
BLUE POLKADOT BOWL,85
HOME SWEET HOME METAL SIGN ,85
VINTAGE RED ENAMEL TRIM MUG ,85
FUNKY MONKEY CUSHION COVER,85
SET OF 6 NATIVITY MAGNETS ,85
FELTCRAFT CUSHION BUTTERFLY,85
12 PENCILS SMALL TUBE RED RETROSPOT,85
BEADED CRYSTAL HEART BLUE  LARGE,84
36 PENCILS TUBE WOODLAND,84
SET 6 PAPER TABLE LANTERN HEARTS ,84
MOODY GIRL DOOR HANGER ,84
PINK POLKADOT BOWL,84
GREEN BIRDHOUSE DECORATION,84
ROSE 3 WICK MORRIS BOX CANDLE,84
DECORATION WOBBLY RABBIT METAL ,84
BATH BUILDING BLOCK WORD,83
FELTCRAFT DOLL EMILY,83
STAR T-LIGHT HOLDER WILLIE WINKIE,83
SET/6 PINK BIRD T-LIGHT CANDLES,83
GLASS STAR FROSTED T-LIGHT HOLDER,83
ZINC T-LIGHT HOLDER STAR LARGE,83
IVORY WICKER HEART MEDIUM,83
HAND WARMER OWL DESIGN,83
TRAVEL CARD WALLET TRANSPORT,83
LAUNDRY 15C METAL SIGN,82
CARD SUKI BIRTHDAY,82
METAL 4 HOOK HANGER FRENCH CHATEAU,82
PARTY INVITES WOODLAND,82
SLATE TILE NATURAL HANGING,82
PLASTERS IN TIN STRONGMAN,82
"BLACK TEA,COFFEE,SUGAR JARS",81
6 GIFT TAGS 50'S CHRISTMAS ,81
SET OF 6 T-LIGHTS SNOWMEN,81
MINI WOODEN HAPPY BIRTHDAY GARLAND,81
CALENDAR IN SEASON DESIGN,81
VICTORIAN SEWING BOX SMALL ,81
BUTTON BOX ,81
PAPER CHAIN KIT EMPIRE,80
DARK BIRD HOUSE TREE DECORATION,80
3D TRADITIONAL CHRISTMAS STICKERS,80
6 GIFT TAGS VINTAGE CHRISTMAS ,80
STAR DECORATION PAINTED ZINC ,80
T-LIGHT GLASS FLUTED ANTIQUE,80
FRENCH KITCHEN SIGN BLUE METAL,79
PLASTERS IN TIN SPACEBOY,79
DELUXE SEWING KIT ,79
ANTIQUE GLASS PEDESTAL BOWL,79
CHARLIE+LOLA PINK HOT WATER BOTTLE,79
HERB MARKER CHIVES ,78
BOOM BOX SPEAKER GIRLS,78
GOLD MUG BONE CHINA TREE OF LIFE,78
HOT STUFF HOT WATER BOTTLE,78
ENAMEL MEASURING JUG CREAM,78
RIBBON REEL SNOWY VILLAGE,78
"KEY FOB , SHED",78
12 PENCILS TALL TUBE SKULLS,78
FOLDING BUTTERFLY MIRROR HOT PINK ,78
MAGNETS PACK OF 4 SWALLOWS,78
HANGING  BUTTERFLY T-LIGHT HOLDER,78
3 PIECE SPACEBOY COOKIE CUTTER SET,78
3 WHITE CHOC MORRIS BOXED CANDLES,77
BALLOON WATER BOMB PACK OF 35,77
PIZZA PLATE IN BOX,77
VINTAGE BEAD PINK EVENING BAG,77
RED RETROSPOT SUGAR JAM BOWL,77
PARISIENNE KEY CABINET ,77
GREEN POLKADOT BOWL,77
BLACK ORANGE SQUEEZER,77
PACK OF 6 COCKTAIL PARASOL STRAWS,77
KITCHEN METAL SIGN,77
TRAVEL CARD WALLET RETRO PETALS,76
TV DINNER TRAY VINTAGE PAISLEY,76
PICNIC BASKET WICKER SMALL,76
POLYESTER FILLER PAD 45x45cm,76
ENAMEL COLANDER CREAM,76
VINTAGE LEAF MAGNETIC NOTEPAD,76
WHITE METAL LANTERN,76
CHARLIE+LOLA RED HOT WATER BOTTLE ,76
CLASSIC CHROME BICYCLE BELL ,75
WRAP DOLLY GIRL,75
WRAP POPPIES  DESIGN,75
WRAP GINGHAM ROSE ,75
JUMBO BAG DOILEY PATTERNS,75
LAUREL STAR ANTIQUE GOLD,75
WRAP CHRISTMAS SCREEN PRINT,75
WRAP  VINTAGE DOILY ,75
FRENCH LAVENDER SCENT HEART,75
WRAP VINTAGE PETALS  DESIGN,75
WRAP RED VINTAGE DOILY,75
WRAP PAISLEY PARK ,75
WHITE JEWELLED HEART DECORATION,75
VINTAGE EMBOSSED HEART,75
BOTANICAL ROSE GIFT WRAP,75
RED SPOTTY BISCUIT TIN,75
VICTORIAN  METAL POSTCARD SPRING,75
BOTANICAL LAVENDER GIFT WRAP ,75
FLOWER VINE RAFFIA FOOD COVER,75
PINK HAPPY BIRTHDAY BUNTING,74
SET/3 RED GINGHAM ROSE STORAGE BOX,74
IVORY HANGING DECORATION  BIRD,74
SET/6 TURQUOISE BUTTERFLY T-LIGHTS,74
HOLIDAY FUN LUDO,74
CANDY HEART HANGING DECORATION,74
ROLL WRAP 50'S CHRISTMAS,74
FELTCRAFT CUSHION OWL,74
VINTAGE RED TRIM ENAMEL BOWL ,73
I CAN ONLY PLEASE ONE PERSON MUG,73
PLAYING CARDS KEEP CALM & CARRY ON,73
RED RETROSPOT UMBRELLA,73
SILVER HEARTS TABLE DECORATION,73
SKULLS  WATER TRANSFER TATTOOS ,73
CHARLIE + LOLA RED HOT WATER BOTTLE,73
OFFICE MUG WARMER BLACK+SILVER ,73
PINK  HEART SHAPE LOVE BUCKET ,73
FELTCRAFT GIRL AMELIE KIT,73
LANTERN CREAM GAZEBO ,73
FRENCH TOILET SIGN BLUE METAL,73
CAMOUFLAGE LED TORCH,72
ORANGE VOTIVE CANDLE,72
RED RETROSPOT CUP,72
3D CHRISTMAS STAMPS STICKERS ,72
3 STRIPEY MICE FELTCRAFT,72
DECORATIVE WICKER HEART LARGE,72
SAVOY ART DECO CLOCK,72
BEADED PEARL HEART WHITE ON STICK,72
DOORMAT KEEP CALM AND COME IN,72
CHRISTMAS CARD SCREEN PRINT ,72
BLUE GLASS GEMS IN BAG,72
CARD MOTORBIKE SANTA,72
PRETTY HANGING QUILTED HEARTS,72
"SWISS ROLL TOWEL, PINK  SPOTS",72
BINGO SET,72
SET OF 4 JAM JAR MAGNETS,72
"DECOUPAGE,GREETING CARD,",72
ELEPHANT BIRTHDAY CARD ,72
BLUE VICTORIAN FABRIC OVAL BOX,72
SET OF 10 LED DOLLY LIGHTS,72
4 IVORY DINNER CANDLES SILVER FLOCK,72
RECYCLING BAG RETROSPOT ,72
DIAMANTE RING ASSORTED IN BOX.,72
BOX OF 6 MINI 50'S CRACKERS,72
CARD CAT AND TREE ,72
IVORY KNITTED MUG COSY ,72
RED FLOCK LOVE HEART PHOTO FRAME,72
MAN FLU METAL SIGN,72
LUNCH BOX WITH CUTLERY RETROSPOT ,71
BOX OF VINTAGE JIGSAW BLOCKS ,71
KEY RING BASEBALL BOOT ASSORTED ,71
ABC TREASURE BOOK BOX ,71
PAINT YOUR OWN CANVAS SET,70
BIRDHOUSE GARDEN MARKER ,70
METAL SIGN HIS DINNER IS SERVED,70
PACK OF SIX LED TEA LIGHTS,70
WHITE WICKER STAR ,70
SET/3 CHRISTMAS DECOUPAGE CANDLES,70
HOT WATER BOTTLE BABUSHKA ,70
REX CASH+CARRY JUMBO SHOPPER,70
WALL TIDY RETROSPOT ,70
TRADITIONAL WOODEN SKIPPING ROPE,70
SAVE THE PLANET MUG,70
RED SPOT PAPER GIFT BAG,70
MINI CAKE STAND WITH HANGING CAKES,69
TEA TIME DES TEA COSY,69
SET OF 4 KNICK KNACK TINS POPPIES,69
CHRISTMAS TREE HANGING SILVER ,68
FRENCH GARDEN SIGN BLUE METAL,68
BAG 125g SWIRLY MARBLES,68
DANISH ROSE ROUND SEWING BOX,68
ASSTD DESIGN RACING CAR PEN,68
WOOD STAMP SET BEST WISHES,68
ROLL WRAP VINTAGE CHRISTMAS,67
BISCUIT TIN 50'S CHRISTMAS,67
FRENCH BLUE METAL DOOR SIGN 1,67
FELTCRAFT 6 FLOWER FRIENDS,67
LUNCH BAG PAISLEY PARK  ,67
HOT BATHS METAL SIGN,67
CHARLIE+LOLA MY ROOM DOOR SIGN,67
CRAZY DAISY HEART DECORATION,67
CHILDRENS DOLLY GIRL MUG,67
LADIES & GENTLEMEN METAL SIGN,67
SET OF 6 HEART CHOPSTICKS,67
RIBBON REEL HEARTS DESIGN ,66
LARGE RED RETROSPOT WINDMILL,66
SET OF 5 MINI GROCERY MAGNETS,66
BELLE JARDINIERE CUSHION COVER,66
PARISIENNE CURIO CABINET,66
ANTIQUE SILVER TEA GLASS ETCHED,66
PEG BAG APPLES DESIGN,66
ALARM CLOCK BAKELIKE CHOCOLATE,66
MOODY BOY  DOOR HANGER ,66
RED CHARLIE+LOLA PERSONAL DOORSIGN,66
NATURAL HANGING QUILTED HEARTS ,66
Manual,66
HAND WARMER BIRD DESIGN,66
ASSORTED TUTTI FRUTTI BRACELET,66
MADRAS NOTEBOOK MEDIUM,65
SET/4 RED MINI ROSE CANDLE IN BOWL,65
HAND WARMER BABUSHKA DESIGN,65
CHILDREN'S SPACEBOY MUG,65
LAUREL STAR ANTIQUE SILVER ,65
LARGE YELLOW BABUSHKA NOTEBOOK ,65
AIRLINE BAG VINTAGE JET SET BROWN,65
POPPY'S PLAYHOUSE KITCHEN,65
RED RETROSPOT SMALL MILK JUG,65
FELTCRAFT DOLL ROSIE,65
SET OF 6 KASHMIR FOLKART BAUBLES,64
JUMBO BAG VINTAGE CHRISTMAS ,64
BEADED CRYSTAL HEART GREEN ON STICK,64
FRENCH BLUE METAL DOOR SIGN No,64
BLACK/BLUE POLKADOT UMBRELLA,64
VINTAGE  2 METER FOLDING RULER,64
SET 12 KIDS  WHITE CHALK STICKS,64
6 RIBBONS ELEGANT CHRISTMAS ,64
RED HEART SHAPE LOVE BUCKET ,64
DANISH ROSE TRINKET TRAYS,64
ENAMEL WATERING CAN CREAM,64
RED RETROSPOT OVEN GLOVE DOUBLE,64
VINTAGE BEAD PINK PURSE ,64
ROLL WRAP VINTAGE SPOT ,64
TRADITIONAL NAUGHTS & CROSSES,63
12 MESSAGE CARDS WITH ENVELOPES,63
SET OF 6 3D KIT CARDS FOR KIDS,63
DRAWER KNOB CRACKLE GLAZE BLUE,63
TOOTHPASTE TUBE PEN,63
SET/6 BLACK BIRD T-LIGHT CANDLES,62
SET OF 6 HERB TINS SKETCHBOOK,62
TRAVEL CARD WALLET PANTRY,62
JIGSAW TREE WITH BIRDHOUSE,62
CHRISTMAS RETROSPOT STAR WOOD,62
12 PENCILS TALL TUBE RED RETROSPOT,62
CHARLIE & LOLA WASTEPAPER BIN FLORA,62
RED GINGHAM TEDDY BEAR ,62
CHARLIE & LOLA WASTEPAPER BIN BLUE,62
DOLLY GIRL CHILDRENS CUP,61
KNITTED UNION FLAG HOT WATER BOTTLE,61
"METAL SIGN,CUPCAKE SINGLE HOOK",61
IF YOU CAN'T STAND THE HEAT MUG,61
LARGE HANGING IVORY & RED WOOD BIRD,61
HEART MINI PORTRAIT FRAME,61
HOME SWEET HOME CUSHION COVER ,61
3 RAFFIA RIBBONS 50'S CHRISTMAS ,61
CHILDRENS TOY COOKING UTENSIL SET,61
PINK  POLKADOT CUP,61
WHITE BAMBOO RIBS LAMPSHADE,61
SNOWFLAKE PORTABLE TABLE LIGHT ,60
SET OF 6 FUNKY BEAKERS,60
RING OF ROSES BIRTHDAY CARD,60
CHILDRENS APRON APPLES DESIGN,60
SET 6 SCHOOL MILK BOTTLES IN CRATE,60
SET 12 COLOUR PENCILS DOLLY GIRL ,60
RED HEARTS LIGHT CHAIN ,60
SET OF 4 FAIRY CAKE PLACEMATS ,60
DANISH ROSE DELUXE COASTER,60
12 PENCILS TALL TUBE WOODLAND,60
PARTY CONE CHRISTMAS DECORATION ,60
PAPER POCKET TRAVELING FAN ,60
36 DOILIES VINTAGE CHRISTMAS,60
FELTCRAFT CUSHION RABBIT,60
EMERGENCY FIRST AID TIN ,60
BLUE DAISY MOBILE,60
CREAM HEART CARD HOLDER,60
METAL SIGN EMPIRE TEA,60
CARD CHRISTMAS VILLAGE,60
CHRISTMAS CRAFT WHITE FAIRY ,60
TUMBLER BAROQUE,60
SET/2 RED RETROSPOT TEA TOWELS ,60
HAND WARMER SCOTTY DOG DESIGN,60
LOVE GARLAND PAINTED ZINC ,59
SOMBRERO ,59
PARISIENNE JEWELLERY DRAWER ,59
ENCHANTED BIRD COATHANGER 5 HOOK,59
FLUTED ANTIQUE CANDLE HOLDER,59
RED/CREAM STRIPE CUSHION COVER ,59
WOOD STAMP SET HAPPY BIRTHDAY,59
MAGIC DRAWING SLATE SPACEBOY ,59
MINI JIGSAW LEAP FROG,59
HANGING HEART WITH BELL,58
VINTAGE CHRISTMAS BUNTING,58
QUEEN OF SKIES LUGGAGE TAG,58
FAIRY CAKE DESIGN UMBRELLA,58
SKULL LUNCH BOX WITH CUTLERY ,58
"SET 3 RETROSPOT TEA,COFFEE,SUGAR",58
TUMBLER NEW ENGLAND,58
CUBIC MUG FLOCK PINK ON BROWN,58
CARD PSYCHEDELIC APPLES,58
JIGSAW RABBIT AND BIRDHOUSE,58
WATERING CAN GREEN DINOSAUR,58
POLYESTER FILLER PAD 40x40cm,58
PACK OF 6 LARGE FRUIT STRAWS ,58
ZINC HEART FLOWER T-LIGHT HOLDER,58
LETTER HOLDER HOME SWEET HOME,57
MAGIC DRAWING SLATE BUNNIES ,57
CHRISTMAS RETROSPOT TREE WOOD,57
FOOD COVER WITH BEADS SET 2 ,57
RETROSPOT RED WASHING UP GLOVES,57
SET 12 COLOURING PENCILS DOILY,57
RED STAR CARD HOLDER,57
TREASURE TIN GYMKHANA DESIGN,57
COLUMBIAN CANDLE ROUND,57
HAND WARMER RED RETROSPOT,57
"KEY FOB , FRONT  DOOR ",56
IVORY ENCHANTED FOREST PLACEMAT,56
PINK BABY BUNTING,56
MAGIC DRAWING SLATE PURDEY,56
HEART FILIGREE DOVE LARGE,56
ROMANTIC PINKS RIBBONS ,56
BOX OF 6 MINI VINTAGE CRACKERS,55
MINI LADLE LOVE HEART PINK,55
SMALL PARISIENNE HEART PHOTO FRAME ,55
PINK  POLKADOT PLATE ,55
SET OF 6 T-LIGHTS SANTA,55
6 RIBBONS EMPIRE  ,55
BIRTHDAY PARTY CORDON BARRIER TAPE,55
WHITE TALL PORCELAIN T-LIGHT HOLDER,55
DECORATIVE WICKER HEART MEDIUM,55
SET 2 PANTRY DESIGN TEA TOWELS,54
RETRO LONGBOARD IRONING BOARD COVER,54
HEART STRING MEMO HOLDER HANGING,54
MAGNETS PACK OF 4 RETRO PHOTO,54
BLACK TEA TOWEL CLASSIC DESIGN,54
BATHROOM METAL SIGN ,54
SET OF 6 VINTAGE NOTELETS KIT,54
SKULLS TAPE,54
ASSTD FRUIT+FLOWERS FRIDGE MAGNETS,54
PACK OF 12 50'S CHRISTMAS TISSUES,54
"ASSORTED FLOWER COLOUR ""LEIS""",54
CAKE PLATE LOVEBIRD PINK,54
FELTCRAFT CHRISTMAS FAIRY,54
POPPY'S PLAYHOUSE BEDROOM ,53
POTTING SHED SEED ENVELOPES,53
WHITE LOVEBIRD LANTERN,53
SET 3 PAPER VINTAGE CHICK PAPER EGG,53
MORE BUTTER METAL SIGN ,53
HEARTS GIFT TAPE,53
BOX OF 6 CHRISTMAS CAKE DECORATIONS,53
GREEN CHRISTMAS TREE CARD HOLDER,53
10 COLOUR SPACEBOY PEN,53
OPEN CLOSED METAL SIGN,53
PLAYING CARDS JUBILEE UNION JACK,53
4 LAVENDER BOTANICAL DINNER CANDLES,53
CHRISTMAS TREE HANGING GOLD,53
LARGE CHINESE STYLE SCISSOR,53
SET OF 6 GIRLS CELEBRATION CANDLES,53
CHRISTMAS TREE PAINTED ZINC ,53
RED HEART LUGGAGE TAG,53
CHOCOLATE 3 WICK MORRIS BOX CANDLE,53
HANGING PHOTO CLIP ROPE LADDER,53
ZINC HEART LATTICE T-LIGHT HOLDER,52
HEN HOUSE DECORATION,52
BOHEMIAN COLLAGE STATIONERY SET,52
ANGEL DECORATION PAINTED ZINC ,52
SET OF 3 PANTRY WOODEN SPOONS,52
ALARM CLOCK BAKELIKE ORANGE,52
CARD BIRTHDAY COWBOY,52
SMALL GLASS HEART TRINKET POT,52
METALIC LEAVES BAG CHARMS,52
PING MICROWAVE APRON,52
TRAVEL CARD WALLET VINTAGE ROSE ,52
BALLOON PUMP WITH 10 BALLOONS,52
SMALL RED RETROSPOT WINDMILL,52
GINGHAM HEART  DOORSTOP RED,52
MAGIC DRAWING SLATE CIRCUS PARADE  ,51
STRAWBERRY RAFFIA FOOD COVER,51
BAG 500g SWIRLY MARBLES,51
MINI LADLE LOVE HEART RED ,51
BLUE BIRDHOUSE DECORATION,51
JUMBO BAG PEARS,51
SET/6 EAU DE NIL BIRD T-LIGHTS,51
PARTY TIME PENCIL ERASERS,51
VINTAGE DONKEY TAIL GAME ,51
FOLDING BUTTERFLY MIRROR RED  ,51
RED METAL BEACH SPADE ,51
BOTTLE BAG RETROSPOT ,51
PAPERWEIGHT VINTAGE COLLAGE,51
FELTCRAFT DOLL MOLLY,51
PARTY PIZZA DISH RED RETROSPOT,51
SET OF 2 CERAMIC PAINTED HEARTS ,51
SET OF 3 COLOURED  FLYING DUCKS,51
POTTERING MUG,50
CHILDS GARDEN TROWEL BLUE ,50
RIBBON REEL MAKING SNOWMEN ,50
WRAP FOLK ART,50
CARD I LOVE LONDON ,50
GIFT BAG PSYCHEDELIC APPLES,50
WRAP MONSTER FUN ,50
WRAP FLOWER SHOP  ,50
CHOCOLATE CALCULATOR,50
ROUND PURPLE CLOCK WITH SUCKER,50
DOORMAT RED RETROSPOT,50
DOORMAT TOPIARY,50
DOORMAT BLACK FLOCK ,50
ADVENT CALENDAR GINGHAM SACK,50
PINK OWL SOFT TOY,50
SKULLS PARTY BAG + STICKER SET,50
DOORMAT NEW ENGLAND,50
VINTAGE CARAVAN GIFT WRAP,50
MONEY BOX POCKET MONEY DESIGN,50
"HOOK, 1 HANGER ,MAGIC GARDEN",50
TEA PARTY  WRAPPING PAPER ,50
SET3 BOOK BOX GREEN GINGHAM FLOWER ,50
SET OF 4 CAROUSEL PLACEMATS ,50
RED  EGG  SPOON,50
HANGING HEART BONHEUR,50
SET OF 12 FORK CANDLES,50
"WRAP, BILLBOARD FONTS DESIGN",50
WICKER WREATH LARGE,50
BIRTHDAY BANQUET GIFT WRAP,50
12 DAISY PEGS IN WOOD BOX,50
KEY RING BASEBALL BOOT UNION JACK,49
ROUND SNACK BOXES SET OF 4 SKULLS,49
DOLLY GIRL CHILDRENS EGG CUP,49
NINJA RABBIT BLACK,49
FRENCH BLUE METAL DOOR SIGN 2,49
BAKING MOULD HEART WHITE CHOCOLATE,49
BAKING SET SPACEBOY DESIGN,49
BEADED CRYSTAL HEART GREEN LARGE,49
POLKA DOT RAFFIA FOOD COVER,49
GARAGE KEY FOB,49
MINI PLAYING CARDS DOLLY GIRL ,49
CREAM WALL PLANTER HEART SHAPED,49
MOCK LOBSTER FRIDGE MAGNET,49
DOILY THANK YOU CARD,48
PINK LOVE HEART SHAPE CUP,48
PAINTED METAL HEART WITH HOLLY BELL,48
PARTY CONES CANDY ASSORTED,48
SET OF 6 RIBBONS VINTAGE CHRISTMAS,48
CHRISTMAS CARD STACK OF PRESENTS,48
ASSORTED TUTTI FRUTTI SMALL PURSE,48
RIBBON REEL LACE DESIGN ,48
WHITE AND BLUE CERAMIC OIL BURNER,48
FOLK ART METAL STAR T-LIGHT HOLDER,48
EDWARDIAN PARASOL PINK,48
SET OF 2 CERAMIC CHRISTMAS REINDEER,48
ASSORTED MINI MADRAS NOTEBOOK,48
FINE WICKER HEART ,48
MINI PLAYING CARDS SPACEBOY ,48
GREEN SQUARE COMPACT MIRROR,48
SPACEBOY CHILDRENS CUP,48
STRAWBERRIES  DESIGN FLANNEL ,48
A PRETTY THANK YOU CARD,48
12 PENCILS SMALL TUBE SKULL,48
PAINTED LIGHTBULB RAINBOW DESIGN,48
PAINTED LIGHTBULB STAR+ MOON,48
PARTY CONES CANDY TREE DECORATION,48
CAKE STAND VICTORIAN FILIGREE SMALL,48
FOLK ART METAL HEART T-LIGHT HOLDER,48
CHARLIE + LOLA BISCUITS TINS,48
HANGING WOOD AND FELT BUTTERFLY ,48
CACTI T-LIGHT CANDLES,48
SILVER ROCOCO CANDLE STICK,48
TRADTIONAL ALPHABET STAMP SET,48
TEATIME ROUND PENCIL SHARPENER ,48
TEATIME PUSH DOWN RUBBER,48
HOME SWEET HOME HOOK,48
TOMATO CHARLIE+LOLA COASTER SET,48
OVAL  MINI PORTRAIT FRAME,48
CERAMIC BOWL WITH LOVE HEART DESIGN,48
RED BABY BUNTING ,48
HAIRCLIPS FORTIES FABRIC ASSORTED,48
LAVENDER SCENT CAKE CANDLE,48
ENAMEL PINK COFFEE CONTAINER,48
SPACEBOY CHILDRENS BOWL,47
METAL SIGN DROP YOUR PANTS,47
SMALL RED RETROSPOT MUG IN BOX ,47
RIBBON REEL SOCKS AND MITTENS,47
ALPHABET HEARTS STICKER SHEET,47
CITRONELLA CANDLE FLOWERPOT,47
ECONOMY LUGGAGE TAG,47
FAIRY TALE COTTAGE NIGHT LIGHT,47
CHILDREN'S APRON DOLLY GIRL ,47
FELT EGG COSY WHITE RABBIT ,47
HOUSE SHAPE PENCIL SHARPENER,47
MUSICAL ZINC HEART DECORATION ,47
TREASURE ISLAND BOOK BOX,47
HAPPY STENCIL CRAFT,47
PINK DOUGHNUT TRINKET POT ,46
36 FOIL HEART CAKE CASES,46
FRENCH BLUE METAL DOOR SIGN 3,46
CHERRY CROCHET FOOD COVER,46
PARTY INVITES JAZZ HEARTS,46
SET OF 4 KNICK KNACK TINS DOILEY ,46
TROPICAL  HONEYCOMB PAPER GARLAND ,46
MINI LIGHTS WOODLAND MUSHROOMS,46
FRENCH LAUNDRY SIGN BLUE METAL,46
BALLOONS  WRITING SET ,45
HOT BATHS SOAP HOLDER,45
ROCKING HORSE GREEN CHRISTMAS ,45
POPPY'S PLAYHOUSE LIVINGROOM ,45
BLACK CHRISTMAS TREE 60CM,45
POSTE FRANCE CUSHION COVER,45
PIN CUSHION BABUSHKA PINK,45
BLUE VINTAGE SPOT BEAKER,45
PACK OF 20 SPACEBOY NAPKINS,45
CHRISTMAS TABLE SILVER CANDLE SPIKE,45
POLKADOT RAIN HAT ,45
CARD PARTY GAMES ,45
RED RETROSPOT TEA CUP AND SAUCER ,45
PINK STOCKING CHRISTMAS DECORATION,44
SINGLE WIRE HOOK PINK HEART,44
UNION STRIPE CUSHION COVER ,44
MAKE YOUR OWN FLOWERPOWER CARD KIT,44
MAGNETS PACK OF 4 VINTAGE LABELS ,44
ROUND CONTAINER SET OF 5 RETROSPOT,44
SQUARE MINI PORTRAIT FRAME,44
TRAVEL CARD WALLET I LOVE LONDON,44
PACK 20 ENGLISH ROSE PAPER NAPKINS,44
BAKING MOULD HEART MILK CHOCOLATE,44
GLASS  BEURRE DISH,44
36 PENCILS TUBE RED RETROSPOT,44
36 FOIL STAR CAKE CASES ,44
TEA FOR ONE POLKADOT,44
WOODLAND PARTY BAG + STICKER SET,43
MONEY BOX BISCUITS DESIGN,43
BULL DOG BOTTLE OPENER,43
BLUE CALCULATOR RULER,43
MAGNETS PACK OF 4 VINTAGE COLLAGE,43
CERAMIC PIRATE CHEST MONEY BANK,43
HANGING QUILTED PATCHWORK APPLES,43
SET OF 4 NAPKIN CHARMS CUTLERY,43
CERAMIC HEART FAIRY CAKE MONEY BANK,43
SET OF 6 STRAWBERRY CHOPSTICKS,43
BEADED CRYSTAL HEART BLUE ON STICK,43
SPACEBOY CHILDRENS EGG CUP,43
DOLLY GIRL CHILDRENS BOWL,43
12 COLOURED PARTY BALLOONS,43
RETROSPOT CANDLE  MEDIUM,43
PACK OF 12 COLOURED PENCILS,43
RETRO MOD TRAY,43
CHRISTMAS LIGHTS 10 VINTAGE BAUBLES,43
FELTCRAFT HAIRBANDS PINK AND WHITE ,42
CHILDRENS GARDEN GLOVES PINK,42
MAKE YOUR OWN MONSOON CARD KIT,42
FELTCRAFT PRINCESS LOLA DOLL,42
3 HOOK HANGER MAGIC GARDEN,42
FRENCH BATHROOM SIGN BLUE METAL,42
"KEY FOB , BACK DOOR ",42
SET OF 72 SKULL PAPER  DOILIES,42
ASSORTED BOTTLE TOP  MAGNETS ,42
SILVER MUG BONE CHINA TREE OF LIFE,42
FRENCH BLUE METAL DOOR SIGN 8,42
HEADS AND TAILS SPORTING FUN,42
VINTAGE DOILY DELUXE SEWING KIT ,42
RED RETROSPOT TAPE,42
RED RETROSPOT PUDDING BOWL,42
SPACE OWL,42
FELTCRAFT PRINCESS CHARLOTTE DOLL,42
CINAMMON SET OF 9 T-LIGHTS,42
FRIDGE MAGNETS US DINER ASSORTED,41
JINGLE BELL HEART ANTIQUE GOLD,41
HANGING WOOD AND FELT FLOWER,41
HEART CALCULATOR,41
MINI PLAYING CARDS FUN FAIR ,41
FELT EGG COSY BLUE RABBIT ,41
COTTON APRON PANTRY DESIGN,41
RATTLE SNAKE EGGS,41
JINGLE BELLS TREE DECORATION,41
PEACE WOODEN BLOCK LETTERS,41
DOORMAT 3 SMILEY CATS,40
ZINC SWEETHEART WIRE LETTER RACK,40
COLOURED GLASS STAR T-LIGHT HOLDER,40
 RED SPOT GIFT BAG LARGE,40
DOORMAT FAIRY CAKE,40
4 VANILLA BOTANICAL CANDLES,40
CIRCUS PARADE CHILDRENS EGG CUP ,40
MOTHER'S KITCHEN SPOON REST ,40
CUTE CATS TAPE,40
TEA COSY RED  STRIPE,40
"CHARLIE+LOLA""EXTREMELY BUSY"" SIGN",40
PINK UNION JACK  LUGGAGE TAG,40
CHRISTMAS LIGHTS 10 SANTAS ,40
GRASS HOPPER WOODEN WALL CLOCK ,40
POMPOM CURTAIN,40
CHRISTMAS HANGING STAR WITH BELL,40
PICTURE FRAME WOOD TRIPLE PORTRAIT,40
CHILDS GARDEN FORK BLUE ,40
PAPER CHAIN KIT SKULLS ,39
FLOWERS  STICKERS,39
GUMBALL MONOCHROME COAT RACK,39
KITTENS DESIGN FLANNEL,39
AIRLINE BAG VINTAGE JET SET WHITE,39
GLASS APOTHECARY BOTTLE TONIC,39
FRENCH BLUE METAL DOOR SIGN 4,39
PHOTO CLIP LINE,39
UNION JACK FLAG PASSPORT COVER ,39
PARTY INVITES DINOSAURS,39
CARDHOLDER GINGHAM STAR,39
PORCELAIN ROSE SMALL,38
TOADSTOOL MONEY BOX,38
SET OF 4 BLACK LOVEBIRD COASTERS,38
FELTCRAFT HAIRBAND PINK AND BLUE,38
FLYING PIG WATERING CAN,38
SET OF 4 KNICK KNACK TINS LONDON ,38
FRENCH BLUE METAL DOOR SIGN 6,38
PARTY INVITES FOOTBALL,38
3 HEARTS HANGING DECORATION RUSTIC,38
LONDON BUS COFFEE MUG,38
LOVE HEART SOCK HANGER,38
BUTTERFLIES STICKERS,38
SET OF 6 T-LIGHTS TOADSTOOLS,38
TROPICAL PASSPORT COVER ,38
BLACK SILOUETTE CANDLE PLATE,38
PANTRY APPLE CORER,38
PINK FLORAL FELTCRAFT SHOULDER BAG,38
METAL SIGN HER DINNER IS SERVED ,38
RIBBON REEL FLORA + FAUNA ,38
PING! MICROWAVE PLATE,38
PINK 3 PIECE POLKADOT CUTLERY SET,38
SKULLS DESIGN FLANNEL,38
RETROSPOT CANDLE  SMALL,38
SET 6 FOOTBALL CELEBRATION CANDLES,38
SWEETIES  STICKERS,38
VANILLA SCENT CANDLE JEWELLED BOX,38
SANDWICH BATH SPONGE,37
GIFT BAG BIRTHDAY,37
IVORY SWEETHEART WIRE LETTER RACK ,37
MIDNIGHT GLAMOUR SCARF KNITTING KIT,37
FIVE HEART HANGING DECORATION,37
FIRST CLASS LUGGAGE TAG ,37
DINOSAURS  WRITING SET ,37
MAGIC SHEEP WOOL GROWING FROM PAPER,37
6 CHOCOLATE LOVE HEART T-LIGHTS,37
BAKING MOULD TOFFEE CUP CHOCOLATE,37
PARTY CHARMS 50 PIECES,37
RECTANGULAR SHAPED MIRROR,37
RECIPE BOX BLUE SKETCHBOOK DESIGN,37
SPACE FROG,37
VINTAGE RED ENAMEL TRIM PLATE,37
OCEAN SCENT CANDLE IN JEWELLED BOX,37
TEA TIME TEAPOT IN GIFT BOX,37
VINTAGE RED ENAMEL TRIM JUG ,37
SINGLE WIRE HOOK IVORY HEART,37
SET 36 COLOUR PENCILS SPACEBOY ,37
MINI CAKE STAND  HANGING STRAWBERY,37
MINI JIGSAW BUNNIES,37
LARGE TORTILLA DESIGN RED BOWL,37
BLUE POLKADOT PLATE ,37
MULTICOLOUR HONEYCOMB FAN,37
CUPID DESIGN SCENTED CANDLES,37
 DOLLY GIRL BEAKER,37
PINK DOG BOWL,37
FRENCH BLUE METAL DOOR SIGN 7,37
MULTI HEARTS  STICKERS,37
RED VINTAGE SPOT BEAKER,36
FRENCH BLUE METAL DOOR SIGN 5,36
WHITE STITCHED WALL CLOCK,36
FRIDGE MAGNETS LES ENFANTS ASSORTED,36
BISCUIT TIN VINTAGE CHRISTMAS,36
PLAYING CARDS VINTAGE DOILY ,36
VINTAGE CHRISTMAS CAKE FRILL,36
MULTICOLOUR 3D BALLS GARLAND,36
PINK VINTAGE SPOT BEAKER,36
HANGING JAM JAR T-LIGHT HOLDERS,36
PARTY INVITES BALLOON GIRL,36
CERAMIC STRAWBERRY DESIGN MUG,36
GOLD MINI TAPE MEASURE ,36
PORCELAIN BUTTERFLY OIL BURNER,36
SWISS CHALET TREE DECORATION ,36
GLASS JAR DAISY FRESH COTTON WOOL,36
ASSORTED TUTTI FRUTTI MIRROR,36
PAISLEY PARK CARD,36
VINTAGE BEAD PINK SCARF ,36
GREEN VINTAGE SPOT BEAKER,36
PINK PAPER PARASOL ,36
LARGE POPCORN HOLDER ,36
CHRISTMAS PUDDING TRINKET POT ,36
"KEY FOB , GARAGE DESIGN",36
FULL ENGLISH BREAKFAST PLATE,36
PURPLE DRESS JEWELLERY STAND,36
DINOSAUR LUNCH BOX WITH CUTLERY,36
MINI JIGSAW DOLLY GIRL,36
DECORATION WOBBLY CHICKEN,36
CARD DOG AND BALL ,36
4 PEAR BOTANICAL DINNER CANDLES,36
DRAWER KNOB CERAMIC RED,36
DANISH ROSE DECORATIVE PLATE,36
WOODLAND SMALL RED FELT HEART,36
SILVER RECORD COVER FRAME,36
FAIRY TALE COTTAGE NIGHTLIGHT,36
PACK OF 12 VINTAGE DOILY TISSUES,36
CAKES AND BOWS GIFT  TAPE,36
WOODLAND SMALL PINK FELT HEART,36
FANNY'S REST STOPMETAL SIGN,36
BOTANICAL LILY GREETING CARD,36
FELT FARM ANIMAL CHICKEN,36
SCENTED VELVET LOUNGE CANDLE ,36
JARDIN ETCHED GLASS CHEESE DISH,36
PINK BERTIE GLASS BEAD BAG CHARM,36
ZINC WIRE SWEETHEART LETTER TRAY,35
LE JARDIN BOTANIQUE CUSHION COVER,35
HELLO SAILOR BLUE SOAP HOLDER,35
4 WILDFLOWER BOTANICAL CANDLES,35
VINTAGE BELLS GARLAND,35
SOAP DISH BROCANTE,35
STRAWBERRY   PICNIC BAG,35
36 PENCILS TUBE SKULLS,35
APRON APPLE DELIGHT,35
RED FLORAL FELTCRAFT SHOULDER BAG,35
ALARM CLOCK BAKELIKE IVORY,35
MIRRORED WALL ART SKULLS,35
POTTING SHED TEA MUG,35
CALENDAR FAMILY FAVOURITES,35
MINI JIGSAW SPACEBOY,35
SET OF 2 TEA TOWELS APPLE AND PEARS,35
DRAWER KNOB CERAMIC BLACK,35
SET/4 BADGES DOGS,35
SET OF 4 FAIRY CAKE PLACEMATS,34
SKULLS WRITING SET ,34
HOT WATER BOTTLE SEX BOMB,34
BLUE POLKADOT WASHING UP GLOVES,34
BLUE POLKADOT CUP,34
IVORY HANGING DECORATION  HEART,34
FELT TOADSTOOL LARGE,34
SET OF 4 KNICK KNACK TINS LEAF,34
SCOTTIE DOGS BABY BIB,34
WHITE BELL HONEYCOMB PAPER GARLAND ,34
JUMBO BAG SCANDINAVIAN PAISLEY,34
GARLAND WITH HEARTS AND BELLS,34
FIVE CATS HANGING DECORATION,34
JUNGLE POPSICLES ICE LOLLY MOULDS,34
FRENCH ENAMEL WATER BASIN,34
WOODEN UNION JACK BUNTING,34
LOVE HEART TRINKET POT,34
MAGIC DRAWING SLATE DOLLY GIRL ,33
CHRISTMAS DECOUPAGE CANDLE,33
DRAWER KNOB VINTAGE GLASS STAR,33
ALUMINIUM STAMPED HEART,33
CARDHOLDER GINGHAM CHRISTMAS TREE,33
SET/6 PINK  BUTTERFLY T-LIGHTS,33
CHILDRENS CUTLERY SPACEBOY ,33
CHILDRENS CUTLERY POLKADOT GREEN ,33
CHILDRENS CUTLERY DOLLY GIRL ,33
HOME SWEET HOME BLACKBOARD,33
SET 12 COLOUR PENCILS LOVE LONDON,33
SET 3 SONG BIRD PAPER EGGS ASSORTED,33
MONEY BOX KINGS CHOICE DESIGN,33
BRIGHT BLUES RIBBONS ,33
MEMO BOARD RETROSPOT  DESIGN,33
TEA COSY BLUE STRIPE,33
PINK FLOWER CROCHET FOOD COVER,33
RED RETROSPOT BUTTER DISH,33
BOX OF 9 PEBBLE CANDLES,33
PACK OF 6 SMALL FRUIT STRAWS,33
TREASURE TIN BUFFALO BILL ,32
ZINC  HEART T-LIGHT HOLDER,32
CHILDS GARDEN FORK PINK,32
SMALL POP BOX FUNKY MONKEY,32
CHRISTMAS HANGING SNOWFLAKE,32
RETROSPOT GIANT TUBE MATCHES,32
S/4 PINK FLOWER CANDLES IN BOWL,32
HYACINTH BULB T-LIGHT CANDLES,32
NINJA RABBIT PINK,32
"NURSERY A,B,C PAINTED LETTERS",32
BLACK ENCHANTED FOREST PLACEMAT,32
FLOWERS TILE COASTER,32
LARGE PINK GLASS SUNDAE DISH,32
3D SHEET OF CAT STICKERS,32
SLEEPING CAT ERASERS,32
CREAM FELT EASTER EGG BASKET,32
RED PAPER PARASOL,32
VINTAGE CREAM CAT FOOD CONTAINER,32
HAND WARMER RED LOVE HEART,32
ORIGAMI ROSE INCENSE/CANDLE SET ,32
SET OF 4 PISTACHIO LOVEBIRD COASTER,32
THREE CANVAS LUGGAGE TAGS,32
CARROT CHARLIE+LOLA COASTER SET,31
SET OF 6 CAKE CHOPSTICKS,31
ENCHANTED BIRD PLANT CAGE,31
CHERRY BLOSSOM CANVAS ART PICTURE,31
POLYESTER FILLER PAD 45x30cm,31
WHITE GOOSE FEATHER CHRISTMAS TREE ,31
GLITTER CHRISTMAS TREE WITH BELLS,31
KIDS RAIN MAC PINK,31
OVERNIGHT BAG VINTAGE ROSE PAISLEY,31
MIRRORED WALL ART POPPIES,31
TOY TIDY SPACEBOY  ,31
T-LIGHT HOLDER HANGING LOVE BIRD,31
RETROSPOT CIGAR BOX MATCHES ,31
RETROSPOT SMALL TUBE MATCHES,31
12 PINK ROSE PEG PLACE SETTINGS,31
MAGNETS PACK OF 4 HOME SWEET HOME,30
SQUARE METAL CANDLEHOLDER BASE,30
SNOWSTORM PHOTO FRAME FRIDGE MAGNET,30
SPACEBOY BEAKER,30
PINK GLASS CANDLEHOLDER,30
CLASSIC BICYCLE CLIPS ,30
SALLE DE BAIN HOOK,30
DOORMAT ENGLISH ROSE ,30
SEASIDE FLYING DISC,30
DOORSTOP RETROSPOT HEART,30
EASTER TIN BUCKET,30
BLUE FLY SWAT,30
DOORMAT WELCOME TO OUR HOME,30
POPPY'S PLAYHOUSE BATHROOM,30
3 RAFFIA RIBBONS VINTAGE CHRISTMAS,30
BLACK CANDELABRA T-LIGHT HOLDER,30
CHRISTMAS METAL POSTCARD WITH BELLS,30
OFFICE MUG WARMER CHOC+BLUE,30
MR ROBOT SOFT TOY,30
BLUE STONES ON WIRE FOR CANDLE,30
SET 12 VINTAGE DOILY CHALK ,30
PARTY PIZZA DISH BLUE POLKADOT,30
CHILDRENS CUTLERY POLKADOT PINK,30
SET 10 NIGHT OWL LIGHTS,30
75 GREEN PETIT FOUR CASES,30
FRENCH FLORAL CUSHION COVER ,30
GREEN POLKADOT PLATE ,30
GLASS APOTHECARY BOTTLE PERFUME,30
SET OF 4 NAPKIN CHARMS HEARTS,30
PINK UNION JACK  PASSPORT COVER ,30
CLASSIC FRENCH STYLE BASKET GREEN ,30
PACK 3 BOXES CHRISTMAS PANNETONE,30
ORIGAMI JASMINE INCENSE/CANDLE SET,30
REGENCY CAKE SLICE,29
CARDHOLDER HOLLY WREATH METAL,29
FELTCRAFT HAIRBAND PINK AND PURPLE,29
TRIPLE WIRE HOOK IVORY HEART,29
PAPERWEIGHT CHILDHOOD MEMORIES,29
MAGIC DRAWING SLATE BAKE A CAKE ,29
MAKE YOUR OWN PLAYTIME CARD KIT,29
COFFEE MUG BLUE PAISLEY DESIGN,29
BUNNY EGG BOX,29
RED FLOWER CROCHET FOOD COVER,29
MULTICOLOUR RABBIT EGG WARMER,29
NUMBER TILE VINTAGE FONT 5,29
NUMBER TILE VINTAGE FONT 3,29
ANIMAL STICKERS,29
S/4 IVORY MINI ROSE CANDLE IN BOWL,28
PEARLISED IVORY HEART SMALL ,28
EASTER DECORATION NATURAL CHICK,28
STANDING FAIRY POLE SUPPORT ,28
BAKING MOULD EASTER EGG MILK CHOC,28
STARS GIFT TAPE ,28
MIRRORED WALL ART STARS,28
SET/6 FROG PRINCE T-LIGHT CANDLES,28
BLACK AND WHITE CAT BOWL,28
SET/4 BADGES BEETLES,28
STORAGE TIN VINTAGE DOILY ,28
BEADED CRYSTAL HEART PINK SMALL,28
HAND TOWEL PALE BLUE W FLOWERS,28
NUMBER TILE VINTAGE FONT 7,28
MONEY BOX FIRST ADE DESIGN,28
SET OF 4 POLKADOT PLACEMATS ,28
SET 8 CANDLES VINTAGE DOILY,28
FRAPPUCINO SCARF KNITTING KIT,28
RED RETROSPOT PURSE ,28
CANDY SHOP  STICKER SHEET,28
GREEN METAL SWINGING BUNNY,28
TOTE BAG I LOVE LONDON,28
HEN PARTY CORDON BARRIER TAPE,28
BLUE FELT EASTER EGG BASKET,27
PINK PARTY BAGS,27
T-LIGHT HOLDER WHITE LACE,27
BASKET OF FLOWERS SEWING KIT,27
EMPIRE BIRTHDAY CARD,27
S/6 WOODEN SKITTLES IN COTTON BAG,27
FRENCH ENAMEL POT W LID,27
DINOSAUR PARTY BAG + STICKER SET,27
SET/4 BIRD MIRROR MAGNETS ,27
ROUND STORAGE TIN VINTAGE LEAF,27
BLACK MINI TAPE MEASURE ,27
3D HEARTS  HONEYCOMB PAPER GARLAND,27
SET/6 POSIES PAPER CUPS,27
SET/4 DAISY MIRROR MAGNETS,27
MINI JIGSAW CIRCUS PARADE ,27
ENAMEL PINK TEA CONTAINER,27
IVORY PILLAR CANDLE SILVER FLOCK,27
TOY TIDY PINK POLKADOT,27
SET/3 VANILLA SCENTED CANDLE IN BOX,27
WOODEN REGATTA BUNTING,27
HOME SWEET HOME KEY HOLDER,27
GINGHAM RECIPE BOOK BOX,26
METAL SIGN NEIGHBOURHOOD WITCH ,26
BROWN  PIRATE TREASURE CHEST ,26
BIRDHOUSE DECORATION MAGIC GARDEN,26
COCKTAIL SWORDS 50 PIECES,26
WICKER WREATH SMALL,26
COFFEE SCENT PILLAR CANDLE,26
ASSORTED TUTTI FRUTTI KEYRING BALL,26
GENTLEMAN SHIRT REPAIR KIT ,26
RED 3 PIECE RETROSPOT CUTLERY SET,26
BLACK AND WHITE DOG BOWL,26
RUSTIC STRAWBERRY JAM POT SMALL,26
WOODLAND BUNNIES LOLLY MAKERS,26
MOUSE TOY WITH PINK T-SHIRT,26
BOX OF 6 ASSORTED COLOUR TEASPOONS,26
IVORY LOVE BIRD CANDLE,26
PEARLISED IVORY HEART LARGE ,26
MINI PLAYING CARDS GYMKHANA,26
LOCAL CAFE MUG,26
SAVE THE PLANET COTTON TOTE BAG,26
DOORMAT RESPECTABLE HOUSE,26
PINK/WHITE CHRISTMAS TREE 60CM,26
JAM CLOCK MAGNET,26
EASTER DECORATION SITTING BUNNY,26
MILK PAN RED RETROSPOT,26
SET OF 2 CERAMIC CHRISTMAS TREES,26
5 HOOK HANGER MAGIC TOADSTOOL,26
MEMO BOARD COTTAGE DESIGN,26
HAND WARMER UNION JACK,26
MINI JIGSAW PURDEY,26
WHITE HEART CONFETTI IN TUBE,26
VINTAGE BILLBOARD MUG ,26
VINTAGE DOILY JUMBO BAG RED ,26
CHILDRENS CUTLERY POLKADOT BLUE,26
TEA TIME KITCHEN APRON,26
PARTY PIZZA DISH GREEN POLKADOT,26
CHILDREN'S CIRCUS PARADE MUG,26
BEADED CRYSTAL HEART GREEN SMALL,26
SET OF 4 ROSE BOTANICAL CANDLES,26
DECORATIVE FLORE BATHROOM BOTTLE,26
HEART BEADED TRELLIS DECORATION,26
FRENCH BLUE METAL DOOR SIGN 0,26
PIG KEYRING WITH LIGHT & SOUND ,25
BLUE PARTY BAGS ,25
WRAP RED DOILEY,25
WRAP WEDDING DAY,25
PINK PAISLEY ROSE GIFT WRAP,25
WATERING CAN GARDEN MARKER,25
IVORY PILLAR CANDLE GOLD FLOCK,25
WRAP MAGIC FOREST ,25
WRAP KEEP CALM BIRTHDAY,25
WRAP GREEN RUSSIAN FOLKART ,25
WRAP DAISY CARPET ,25
POCKET BAG BLUE PAISLEY RED SPOT,25
RETROSPOT LARGE MILK JUG,25
IVORY PAPER CUP CAKE CASES ,25
IVORY SWEETHEART SOAP DISH,25
JIGSAW TREE WITH WATERING CAN,25
"WRAP, CAROUSEL",25
WALL ART STOP FOR TEA ,25
BLUE SCANDINAVIAN PAISLEY WRAP,25
WRAP CIRCUS PARADE,25
BALLOON ART MAKE YOUR OWN FLOWERS,25
HAND TOWEL PINK FLOWER AND DAISY,25
MEASURING TAPE BABUSHKA PINK,25
MRS ROBOT SOFT TOY,25
HANGING METAL RABBIT DECORATION,25
BOTANICAL LILY GIFT WRAP,25
3D SHEET OF DOG STICKERS,25
CHERRY BLOSSOM  DECORATIVE FLASK,25
PARTY PIZZA DISH PINK POLKADOT,25
CUPCAKE LACE PAPER SET 6,25
SET 10 LIGHTS NIGHT OWL,25
MONEY BOX HOUSEKEEPING DESIGN,25
WRAP A PRETTY THANK YOU,25
TREE T-LIGHT HOLDER WILLIE WINKIE,25
SET/10 IVORY POLKADOT PARTY CANDLES,25
PACK OF 6 SANDCASTLE FLAGS ASSORTED,25
ANTIQUE ALL GLASS CANDLESTICK,25
GARDEN PATH SKETCHBOOK,25
SET OF 2 TEA TOWELS PING MICROWAVE,25
WRAP BAD HAIR DAY,25
WRAP CAROUSEL,25
BUFFALO BILL TREASURE BOOK BOX,25
WRAP ALPHABET POSTER  ,25
WRAP COWBOYS  ,25
FOLKART HEART NAPKIN RINGS,25
CANDLE HOLDER SILVER MADELINE,25
SET OF 36 DINOSAUR PAPER DOILIES,25
PACK OF 12 PAISLEY PARK TISSUES ,25
COFFEE MUG PINK PAISLEY DESIGN,25
DAISY GARDEN MARKER,25
PINK ROSE FABRIC MIRROR,25
PINK/PURPLE CIRCLE CURTAIN,24
PINK MONTE CARLO HANDBAG,24
BLACK BAROQUE WALL CLOCK ,24
STAR  T-LIGHT HOLDER ,24
YULETIDE IMAGES GIFT WRAP SET,24
CINNAMON SCENTED VOTIVE CANDLE,24
RUSTIC STRAWBERRY JAMPOT LARGE ,24
SMALL ZINC/GLASS CANDLEHOLDER,24
"GREETING CARD, OVERCROWDED POOL.",24
GREEN ROUND COMPACT MIRROR,24
APRON MODERN VINTAGE COTTON,24
DAISIES  HONEYCOMB GARLAND ,24
ASSORTED EASTER DECORATIONS  BELLS,24
SUMMER FUN DESIGN SHOWER CAP,24
CINAMMON & ORANGE WREATH,24
UNION FLAG WINDSOCK,24
FRENCH STYLE STORAGE JAR CAFE ,24
GROW YOUR OWN PLANT IN A CAN ,24
SET 7 BABUSHKA NESTING BOXES,24
TURQUOISE BERTIE GLASS BEAD CHARM,24
SET OF 6 HALLOWEEN GHOST T-LIGHTS,24
SET OF 3 MINI HANGING PORTRAITS,24
SET OF 12 T-LIGHTS VINTAGE DOILY,24
OFFICE MUG WARMER POLKADOT,24
MIRRORED WALL ART SPLODGES,24
BLUE PUDDING SPOON,24
MIRRORED WALL ART SNOWFLAKES,24
BLACK LOVE BIRD CANDLE,24
"DIAMANTE HEART SHAPED WALL MIRROR, ",24
PAPER BUNTING VINTAGE PARTY,24
STRAWBERRY FAIRY CAKE TEAPOT,24
FELT FARM ANIMAL SHEEP,24
WHITE CHRISTMAS GARLAND STARS TREES,24
NUMBER TILE VINTAGE FONT 8,24
WHITE BAROQUE WALL CLOCK ,24
NUMBER TILE VINTAGE FONT 1,24
NUMBER TILE VINTAGE FONT 2,24
NUMBER TILE VINTAGE FONT 4,24
NUMBER TILE VINTAGE FONT 6 ,24
NUMBER TILE VINTAGE FONT 0,24
PANTRY 3 HOOK ROLLING PIN HANGER,24
FLAMES SUNGLASSES PINK LENSES,24
CANNABIS LEAF BEAD CURTAIN,24
FOOD/DRINK SPONGE STICKERS,24
FRENCH ENAMEL UTENSIL HOLDER,24
BUNNY EGG GARLAND,24
ASSORTED FARMYARD ANIMALS IN BUCKET,24
PAPERWEIGHT HOME SWEET HOME,24
LARGE PARLOUR FRAME,24
LARGE IVORY HEART WALL ORGANISER,24
HEART SHAPE WIRELESS DOORBELL,24
CROCHET WHITE RABBIT KEYRING ,24
BANK ACCOUNT  GREETING  CARD ,24
JAM JAR WITH BLUE LID,24
BLUE CAT BISCUIT BARREL PINK HEART,24
SMALL SKULL WINDMILL,24
SPACEBOY MINI BACKPACK,24
PINK LOVE BIRD CANDLE,24
PINK/YELLOW FLOWERS HANDBAG,24
JARDIN ETCHED GLASS FRUITBOWL,24
LAVENDER INCENSE IN TIN,24
RETROSPOT CANDLE  LARGE,24
 OVAL WALL MIRROR DIAMANTE ,24
PINK CHICK EGG WARMER + EGG CUP,24
DOVE DECORATION PAINTED ZINC ,24
PINK HEARTS LIGHT CHAIN ,24
TRAVEL CARD WALLET VINTAGE LEAF,24
ICON PLACEMAT POP ART ELVIS,24
HOME SWEET HOME BOTTLE ,24
PARTY CONES CARNIVAL ASSORTED,24
HEART TRELLIS TRIPLE T-LIGHT HOLDER,24
KITTY PENCIL ERASERS,24
WOOD S/3 CABINET ANT WHITE FINISH,24
BLOND DOLL DOORSTOP,24
BLOSSOM  IMAGES NOTEBOOK SET,24
NUMBER TILE VINTAGE FONT 9 ,24
HANGING SPRING FLOWER EGG SMALL,24
BLACK STITCHED WALL CLOCK,24
BEADED CRYSTAL HEART PINK LARGE,24
ELVIS WALLHANGING / CURTAIN,24
PASTEL BLUE PHOTO ALBUM ,24
SMALL BONNE JAM JAR  T-LIGHT HOLDER,24
WALL ART ONLY ONE PERSON ,24
PURPLE BERTIE GLASS BEAD BAG CHARM,24
WHITE BROCANTE SOAP DISH,23
ZINC HERB GARDEN CONTAINER,23
FRENCH BLUE METAL DOOR SIGN 9,23
HOME SWEET HOME 3 PEG HANGER ,23
KINGS CHOICE BISCUIT TIN,23
NOEL WOODEN BLOCK LETTERS ,23
BLUE  TILE HOOK,23
HANGING ENGRAVED METAL HEART,23
HOME SMALL WOOD LETTERS,23
VINTAGE CHRISTMAS GIFT SACK,23
QUEEN OF THE SKIES PASSPORT COVER ,23
TV DINNER TRAY DOLLY GIRL,23
FRYING PAN PINK POLKADOT,23
GLASS JAR PEACOCK BATH SALTS,23
ROUND SNACK BOXES SET OF 4 FRUITS ,23
ROLL WRAP 50'S RED CHRISTMAS ,22
SWALLOW SQUARE TISSUE BOX,22
LETS GO SHOPPING COTTON TOTE BAG,22
MINI JIGSAW DINOSAUR ,22
LUNCH BAG SUKI  DESIGN ,22
BLUE 3 PIECE POLKADOT CUTLERY SET,22
BAKING MOULD ROSE WHITE CHOCOLATE,22
ANT WHITE WIRE HEART SPIRAL,22
HEART SHAPED HOLLY WREATH,22
GREEN GOOSE FEATHER TREE 60CM,22
RED RETROSPOT MUG,22
ANGEL DECORATION 3 BUTTONS ,22
FELT TOADSTOOL  SMALL,22
FIRST CLASS PASSPORT COVER ,22
ALPHABET STENCIL CRAFT,22
SMALL IVORY HEART WALL ORGANISER,22
CHILDRENS GARDEN GLOVES BLUE,22
SMALL CHINESE STYLE SCISSOR,22
SHELF WITH 4 HOOKS HOME SWEET HOME,22
SILVER FABRIC MIRROR,22
TRADITIONAL PICK UP STICKS GAME ,22
MONSTERS STENCIL CRAFT,22
HEART T-LIGHT HOLDER,22
PURPLE PAPER PARASOL,22
DAISY SKETCHBOOK ,21
GIRLS VINTAGE TIN SEASIDE BUCKET,21
BROCADE RING PURSE ,21
ROUND BLUE CLOCK WITH SUCKER,21
MISTLETOE HEART WREATH GREEN,21
BLUE POLKADOT LUGGAGE TAG ,21
COSY SLIPPER SHOES SMALL GREEN,21
ILLUSTRATED CAT BOWL ,21
PHOTO FRAME LINEN AND LACE SMALL,21
LUNCH BAG RED VINTAGE DOILY,21
GLITTER HEART GARLAND WITH BELLS ,21
BOYS VINTAGE TIN SEASIDE BUCKET,21
COFFEE MUG PEARS  DESIGN,21
CARAVAN SQUARE TISSUE BOX,21
BUBBLEGUM RING ASSORTED,21
 TRELLIS COAT RACK,21
200 RED + WHITE BENDY STRAWS,21
KINGS CHOICE MUG,21
FRENCH CARRIAGE LANTERN,21
PINK STITCHED WALL CLOCK,20
GOLD FABRIC MIRROR,20
RED RETROSPOT APRON ,20
GLASS JAR MARMALADE ,20
ROUND ARTICULATED PINK CLOCK W/SUCK,20
BICYCLE PUNCTURE REPAIR KIT ,20
SET OF 6 T-LIGHTS CACTI ,20
SET/3 OCEAN SCENT CANDLE JEWEL BOX,20
BLOSSOM IMAGES GIFT WRAP SET,20
LADS ONLY TISSUE BOX,20
WHITE HAND TOWEL WITH BUTTERFLY,20
WHITE HONEYCOMB PAPER GARLAND ,20
PEARL CRYSTAL PUMPKIN T-LIGHT HLDR,20
CHILDRENS CUTLERY RETROSPOT RED ,20
PENS ASSORTED SPACEBALL,20
COLUMBIAN CANDLE ROUND ,20
BLUE PAPER PARASOL ,20
MINI PAINTED GARDEN DECORATION ,20
BABUSHKA LIGHTS STRING OF 10,20
IVORY WIRE SWEETHEART LETTER TRAY,20
DOORMAT MULTICOLOUR STRIPE,20
DOORMAT MERRY CHRISTMAS RED ,20
DOORMAT HOME SWEET HOME BLUE ,20
CHILDS GARDEN TROWEL PINK,20
CHILDS GARDEN SPADE BLUE,20
PINK FEATHERS CURTAIN,20
IVORY STRING CURTAIN WITH POLE ,20
RETRO PLASTIC POLKA TRAY,20
CHOCOLATE BOX RIBBONS ,20
DOORMAT SPOTTY HOME SWEET HOME,20
LOLITA  DESIGN  COTTON TOTE BAG,20
MAGNETS PACK OF 4 CHILDHOOD MEMORY,20
SPOTTY PINK DUCK DOORSTOP,20
DOG TOY WITH PINK CROCHET SKIRT,19
HAND OPEN SHAPE GOLD,19
DAIRY MAID TRADITIONAL TEAPOT ,19
DINOSAUR KEYRINGS ASSORTED,19
FRENCH PAISLEY CUSHION COVER ,19
RAINBOW PEGS PHOTO CLIP STRING,19
CHARLIE LOLA BLUE HOT WATER BOTTLE ,19
RED RETROSPOT CHILDRENS UMBRELLA,19
T-LIGHT HOLDER SWEETHEART HANGING,19
ENAMEL FIRE BUCKET CREAM,19
ADULT APRON APPLE DELIGHT,19
ROSE SCENT CANDLE IN JEWELLED BOX,19
MAGIC DRAWING SLATE DINOSAUR,19
FAIRY CAKES NOTEBOOK A6 SIZE,19
SET/4 SPRING FLOWER DECORATION,19
BLUE PAISLEY SKETCHBOOK,19
FELTCRAFT PRINCESS OLIVIA DOLL,19
BLUE COAT RACK PARIS FASHION,19
ROSE DU SUD OVEN GLOVE,19
WALL ART BIG LOVE ,19
ROSE FOLKART HEART DECORATIONS,19
FRYING PAN UNION FLAG,19
VIPPASSPORT COVER ,19
PACK OF 12 CIRCUS PARADE TISSUES ,19
WHITE SQUARE TABLE CLOCK,19
FRENCH LATTICE CUSHION COVER ,19
PARTY INVITES SPACEMAN,18
GROW YOUR OWN FLOWERS SET OF 3,18
IVORY SCULPTED RND CANDLE ,18
SILVER PLATE CANDLE BOWL SMALL,18
VINTAGE RED MUG,18
VINTAGE SEASIDE JIGSAW PUZZLES,18
EMBROIDERED RIBBON REEL SALLY ,18
FRYING PAN RED RETROSPOT,18
BLACK BIRD GARDEN DESIGN MUG,18
SET 36 COLOURING PENCILS DOILY,18
PACK 3 IRON ON DOG PATCHES,18
SET OF PICTURE FRAME  STICKERS,18
MIRROR MOSAIC T-LIGHT HOLDER ,18
RIDGED GLASS T-LIGHT HOLDER,18
LIGHT GARLAND BUTTERFILES PINK,18
FAIRY CAKES NOTEBOOK A7 SIZE,18
VINTAGE  2 METRE FOLDING RULER,18
SOLDIERS EGG CUP ,18
DOORSTOP FOOTBALL DESIGN,18
ANGEL DECORATION STARS ON DRESS,18
WOODLAND  STICKERS,18
BOUDOIR SQUARE TISSUE BOX,18
EASTER TIN CHICKS PINK DAISY,18
PINK HANGING HEART T-LIGHT HOLDER,18
STOP FOR TEA WALL ART,18
SET/3 DECOUPAGE STACKING TINS,18
BLUE OWL SOFT TOY,18
2 PICTURE BOOK EGGS EASTER CHICKS,18
LED TEA LIGHTS,18
PINK  HEART CONFETTI IN TUBE,18
POLYESTER FILLER PAD 30CMx30CM,18
WALL ART DOG AND BALL ,18
CHRISTMAS MUSICAL ZINC STAR,18
MEDIUM PARLOUR FRAME ,18
AIRLINE BAG VINTAGE WORLD CHAMPION ,18
CARD HOLDER LOVE BIRD SMALL,18
UNION STRIPE WITH FRINGE  HAMMOCK,18
SMALL HAMMERED SILVER CANDLEPOT ,18
EASTER TREE YELLOW BIRDS,18
BLUE TEA TOWEL CLASSIC DESIGN,18
RED COAT RACK PARIS FASHION,18
CERAMIC STRAWBERRY CAKE MONEY BANK,18
ASSORTED TUTTI FRUTTI  FOB NOTEBOOK,17
HOME SWEET HOME 2 DRAWER CABINET,17
PAPERWEIGHT VINTAGE PAISLEY,17
DECORATION WHITE CHICK MAGIC GARDEN,17
HANGING WOOD AND FELT HEART,17
PACK 6 HEART/ICE-CREAM PATCHES,17
SET 2 TEA TOWELS I LOVE LONDON ,17
KINGS CHOICE TEA CADDY ,17
5 HOOK HANGER RED MAGIC TOADSTOOL,17
CHRISTMAS HANGING TREE WITH BELL,17
BLUE PAISLEY POCKET BOOK,17
STAR DECORATION RUSTIC,17
I LOVE LONDON BEAKER,17
SET OF 6 T-LIGHTS EASTER CHICKS,17
RED RETROSPOT SHOPPING BAG,17
EAU DE NILE JEWELLED PHOTOFRAME,17
WHITE HEARTS WIRE PLANT POT HOLDER,17
FAIRY SOAP SOAP HOLDER,17
S/12 MINI RABBIT EASTER,17
SEWING SUSAN 21 NEEDLE SET,17
RED RETROSPOT LUGGAGE TAG,17
GREEN GIANT GARDEN THERMOMETER,17
STRAWBERRY HONEYCOMB  GARLAND ,17
GYMKHANA TREASURE BOOK BOX,17
WALL ART DOG LICENCE ,16
LARGE STRIPES CHOCOLATE GIFT BAG,16
18PC WOODEN CUTLERY SET DISPOSABLE,16
FLOWER FAIRY INCENSE BOUQUET,16
BLUE CHENILLE SHAGGY CUSHION COVER ,16
MEASURING TAPE BABUSHKA BLUE,16
TOY TIDY DOLLY GIRL DESIGN,16
JIGSAW TOADSTOOLS 3 PIECE,16
BLACK SQUARE TABLE CLOCK,16
SET 36 COLOUR PENCILS DOILEY,16
BIRDS MOBILE VINTAGE DESIGN,16
MULTICOLOUR SPRING FLOWER MUG,16
CERAMIC PLATE STRAWBERRY DESIGN,16
GLASS APOTHECARY BOTTLE ELIXIR,16
DAISY JOURNAL ,16
ZINC  STAR T-LIGHT HOLDER ,16
ABSTRACT CIRCLES SKETCHBOOK ,16
ZINC FINISH 15CM PLANTER POTS,16
GOLD APERITIF GLASS,16
SMALL STRIPES CHOCOLATE GIFT BAG ,16
SPACEBOY TV DINNER TRAY,16
PACK OF 12 VINTAGE CHRISTMAS TISSUE,16
RED DAISY POCKET BOOK ,16
ICON MUG REVOLUTIONARY,16
HANGING CHICK CREAM DECORATION,16
CERAMIC STRAWBERRY MONEY BOX,16
GOLD STANDING GNOME,16
HEART MIRROR ANTIQUE WHITE,16
WHITE GOOSE FEATHER TREE 60CM ,16
CLASSIC FRENCH STYLE BASKET NATURAL,16
COFFEE MUG APPLES DESIGN,16
SET 12 COLOUR PENCILS DOILEY,16
SMALL POLKADOT CHOCOLATE GIFT BAG ,16
PHOTO FRAME LINEN AND LACE LARGE,16
VINTAGE COFFEE GRINDER BOX,15
BOTANICAL LAVENDER BIRTHDAY CARD,15
TROPICAL LUGGAGE TAG,15
GREEN BITTY LIGHT CHAIN,15
4 PINK DINNER CANDLE SILVER FLOCK,15
DOG BOWL VINTAGE CREAM,15
BLUE ROSE FABRIC MIRROR,15
GLASS JAR KINGS CHOICE,15
BEADED CRYSTAL HEART BLUE SMALL,15
SWIRLY CIRCULAR RUBBERS IN BAG,15
WALL ART WORK REST AND PLAY  ,15
PINK KNITTED EGG COSY,15
BLUE KNITTED EGG COSY,15
PLAYING CARDS I LOVE LONDON ,15
ROSE CARAVAN DOORSTOP,15
JUMBO BAG PAISLEY PARK,15
MOBILE VINTAGE HEARTS ,15
EUCALYPTUS & PINECONE  WREATH,15
FREESTYLE CANVAS ART PICTURE,15
JUMBO BAG CHARLIE AND LOLA TOYS,15
CREAM SWEETHEART EGG HOLDER,15
BLACK PIRATE TREASURE CHEST,15
FROSTED WHITE BASE ,15
BLUE PAISLEY TISSUE BOX,15
CHILDS GARDEN SPADE PINK,15
FELTCRAFT BOY JEAN-PAUL KIT,15
BLUE PAISLEY JOURNAL ,15
DAIRY MAID LARGE MILK JUG,15
BUTTERFLY CROCHET FOOD COVER,15
RED ENCHANTED FOREST PLACEMAT,14
"PINK/WHITE ""KEEP CLEAN"" BULLET BIN",14
PINK FELT EASTER RABBIT GARLAND,14
12 PINK HEN+CHICKS IN BASKET,14
PINK ROSE WASHBAG,14
SET/4 BADGES BALLOON GIRL,14
MEDIUM MEDINA STAMPED METAL BOWL ,14
SEWING BOX RETROSPOT DESIGN ,14
WHITE FRANGIPANI NECKLACE,14
HI TEC ALPINE HAND WARMER,14
COFFEE MUG CAT + BIRD DESIGN,14
SET/6 GREEN SPRING PAPER CUPS,14
RED RETROSPOT TISSUE BOX,14
ASSORTED TUTTI FRUTTI HEART BOX,14
ORIGAMI SANDLEWOOD INCENSE/CAND SET,14
MISTLETOE HEART WREATH CREAM,14
LARGE WHITE HONEYCOMB PAPER BELL  ,14
EASTER BUNNY WITH BASKET ON BACK,14
VINTAGE BILLBOARD LOVE/HATE MUG,14
PACK OF 12 VINTAGE LEAF TISSUES ,14
PIN CUSHION BABUSHKA RED,14
PENCIL CASE LIFE IS BEAUTIFUL,14
QUEENS GUARD COFFEE MUG,14
BOOM BOX SPEAKER BOYS,14
ASSTD MULTICOLOUR CIRCLES MUG,14
EASTER CRAFT 4 CHICKS ,14
DOILEY STORAGE TIN,14
HARDMAN MUG 3 ASSORTED,14
50CM METAL STRING WITH  7 CLIPS,13
GREEN 3 PIECE POLKADOT CUTLERY SET,13
SET OF 4 KNICK KNACK TINS LEAVES ,13
PHARMACIE FIRST AID TIN,13
GREEN ROSE WASHBAG,13
CHILDRENS CUTLERY CIRCUS PARADE,13
EMBROIDERED RIBBON REEL EMILY ,13
SET OF 10 LANTERNS FAIRY LIGHT STAR,13
VINTAGE BILLBOARD DRINK ME MUG,13
BAKING MOULD ROSE MILK CHOCOLATE,13
DROP DIAMANTE EARRINGS PURPLE,13
DAISY HAIR BAND,13
RED POLKADOT BEAKER ,13
SMALL FOLKART STAR CHRISTMAS DEC,13
STRIPY DESIGN SHOWER CAP,13
STORAGE TIN VINTAGE LEAF,13
PINK CAT BOWL,13
WHITE WIRE EGG HOLDER,13
INFLATABLE POLITICAL GLOBE ,13
CRYSTAL FROG PHONE CHARM,13
ORANGE SCENTED SET/9 T-LIGHTS,13
MILK PAN BLUE POLKADOT,13
EMPIRE TISSUE BOX,13
TEA TIME TEA SET IN GIFT BOX,13
HOME GARLAND PAINTED ZINC ,13
VIP PASSPORT COVER ,13
MOTORING TISSUE BOX,13
RIDGED BONNE JAM JAR T-LIGHT HOLDER,13
METAL TUBE CHIME ON BAMBOO,13
CHILDS GARDEN RAKE BLUE,13
CHRISTMAS MUSICAL ZINC TREE,13
TOAST ITS - HAPPY BIRTHDAY,13
S/4 GROOVY CAT MAGNETS,13
WALL ART LOVES' SECRET ,13
YELLOW COAT RACK PARIS FASHION,13
PSYCHEDELIC TILE COASTER,13
DOOR HANGER  MUM + DADS ROOM,13
PINK JEWELLED MIRROR TRINKET TRAY,12
PLAYING CARDS VINTAGE DOILEY ,12
POTTING SHED TWINE,12
PORCELAIN T-LIGHT HOLDERS ASSORTED,12
PASTEL COLOUR HONEYCOMB FAN,12
VINTAGE BEAD NOTEBOOK,12
"ACRYLIC HANGING JEWEL,BLUE",12
3 BLACK CATS W HEARTS BLANK CARD,12
FOLDING MIRROR IVORY ,12
FOLDING MIRROR RED  ,12
AFGHAN SLIPPER SOCK PAIR,12
"ACRYLIC JEWEL ICICLE, PINK",12
WALL ART TREASURE AHOY ,12
WALL ART SPACEBOY,12
LOVE HEART POCKET WARMER,12
ROUND CAKE TIN VINTAGE GREEN,12
RIBBON REEL POLKADOTS ,12
FIRST AID TIN,12
"CHRISTMAS GARLAND STARS,TREES",12
FRENCH STYLE STORAGE JAR JAM,12
WALL ART VILLAGE SHOW ,12
WASH BAG VINTAGE ROSE PAISLEY,12
METAL RABBIT LADDER EASTER ,12
FELTCRAFT HAIRBAND RED AND BLUE,12
BLUE BLOSSOM HAIR CLIP,12
WAY OUT METAL SIGN ,12
BLUE POLKADOT KIDS BAG,12
FRENCH CHATEAU LARGE PLATTER ,12
S/3 POT POURI CUSHIONS BLUE COLOURS,12
ROUND WHITE CONFETTI IN TUBE,12
ROUND CAKE TIN VINTAGE RED,12
WALL ART HORSE & PONY ,12
HIPPY CHIC DECORATIVE PARASOL,12
CLASSIC FRENCH STYLE BASKET BROWN,12
BISCUIT TIN VINTAGE LEAF,12
BLACK CHRISTMAS TREE 120CM,12
COFFEE MUG DOG + BALL DESIGN,12
FOLKART CLIP ON STARS,12
FOLDING CAMPING SCISSOR W/KNIF & S,12
FOLDING MIRROR HOT PINK ,12
"GARLAND, MAGIC GARDEN 1.8M",12
GIN AND TONIC DIET METAL SIGN,12
MINITURE ANTIQUE ROSE HOOK IVORY,12
MINI  ZINC GARDEN DECORATIONS ,12
MINI JIGSAW GO TO THE FAIR,12
RETRO PLASTIC ELEPHANT TRAY,12
RETROSPOT PADDED SEAT CUSHION,12
CLASSIC CROME BICYCLE BELL ,12
T-LIGHT HOLDER SILVER HEART HANDLE,12
VINTAGE RED TEATIME MUG,12
VINTAGE UNION JACK PENNANT,12
LADYBIRD + BEE RAFFIA FOOD COVER,12
COLUMBIAN CANDLE RECTANGLE,12
COLUMBIAN CUBE CANDLE,12
FUSCHIA FLOWER PURSE WITH BEADS,12
PANTRY HOOK BALLOON WHISK ,12
PANTRY KITCHEN THERMOMETER ,12
JARDIN ETCHED GLASS LARGE BELL JAR,12
PACK OF 12 RED APPLE TISSUES,12
MULTICOLOUR HONEYCOMB PAPER GARLAND,12
BEACH HUT DESIGN BLACKBOARD,12
BATHROOM SET LOVE HEART DESIGN,12
BIRD DECORATION RED RETROSPOT,12
ENAMEL BLUE RIM COFFEE CONTAINER,12
GREEN GOOSE FEATHER CHRISTMAS TREE ,12
"TUMBLER, NEW ENGLAND",12
EGG CUP HENRIETTA HEN PINK,12
ASSORTED EASTER GIFT TAGS,12
SMALL SILVER TRELLIS CANDLEPOT,12
EASTER TIN BUNNY BOUQUET,12
RED   ACRYLIC FACETED BANGLE,12
WOODLAND  HEIGHT CHART STICKERS ,12
PURPLE ACRYLIC FACETED BANGLE,12
PAINTED PINK RABBIT ,12
HANGING FAIRY CAKE DECORATION,12
EASTER TIN KEEPSAKE,12
EMBROIDERED RIBBON REEL ROSIE,12
EMBROIDERED RIBBON REEL REBECCA ,12
EMBOSSED HEART TRINKET BOX,12
PAINTED YELLOW WOODEN DAISY,12
VINTAGE PINK DECORATIVE PARASOL,12
SUNFLOWER DECORATIVE PARASOL,12
SWEETHEART WIRE FRUIT BOWL,12
BEADED PEARL HEART WHITE LARGE,12
BATHROOM HOOK,12
BAKING MOULD EASTER EGG WHITE CHOC,12
GREY ACRYLIC FACETED BANGLE,12
BLUE SCOTTIE DOG W FLOWER PATTERN,12
VINTAGE CHRISTMAS GIFT BAG LARGE ,12
HANGING HEN ON NEST DECORATION,12
CERAMIC CAKE DESIGN SPOTTED PLATE,12
CARD HOLDER GINGHAM HEART,12
CERAMIC CAKE DESIGN SPOTTED MUG,12
GARLAND WITH STARS AND BELLS,12
GLASS CHALICE BLUE SMALL ,12
GLITTER HEART DECORATION,12
SMALL GLASS SUNDAE DISH CLEAR,12
SMALL PINK GLASS SUNDAE DISH,12
WOODLAND LARGE PINK FELT HEART,12
WOODLAND LARGE RED FELT HEART,12
DINOSAUR HEIGHT CHART STICKER SET,12
WOODLAND SMALL BLUE FELT HEART,12
EGG CUP HENRIETTA HEN CREAM ,12
"DECORATION , WOBBLY CHICKEN, METAL ",12
WOODLAND LARGE BLUE FELT HEART,12
STAR PORTABLE TABLE LIGHT ,11
CLOCK MAGNET MUM'S KITCHEN,11
SET/6 POSIES PAPER PLATES,11
BUNDLE OF 3 SCHOOL EXERCISE BOOKS  ,11
YELLOW EASTER EGG HUNT START POST,11
DRAWER KNOB VINTAGE GLASS BALL,11
FELTCRAFT GIRL NICOLE KIT,11
EGG FRYING PAN RED ,11
EGG FRYING PAN PINK ,11
PACK 3 BOXES BIRD PANETTONE ,11
RED PUDDING SPOON,11
CHERRY BLOSSOM PASSPORT COVER,11
PACK 3 BOXES BIRD PANNETONE ,11
BIRD ON BRANCH CANVAS SCREEN,11
SCOTTIES DESIGN WASHBAG,11
WOODLAND DESIGN  COTTON TOTE BAG,11
CERAMIC BOWL WITH STRAWBERRY DESIGN,11
ANTIQUE TALL SWIRLGLASS TRINKET POT,11
GREEN FERN JOURNAL ,11
GOLD PHOTO FRAME,11
SPACEBOY ROCKET LOLLY MAKERS,11
PINK PAISLEY SQUARE TISSUE BOX ,11
 I LOVE LONDON MINI BACKPACK,11
3D DOG PICTURE PLAYING CARDS,10
4 LILY  BOTANICAL DINNER CANDLES,10
PINK DOG CANNISTER,10
SET OF 2 TINS JARDIN DE PROVENCE,10
TV DINNER TRAY AIR HOSTESS ,10
VANILLA INCENSE IN TIN,10
VINTAGE LEAF CHOPPING BOARD  ,10
BLUE POLKADOT PASSPORT COVER,10
VINTAGE CHRISTMAS PAPER GIFT BAG,10
CARD HOLDER LOVE BIRD LARGE ,10
CHARLOTTE BAG ALPHABET  DESIGN,10
FUSCHIA TABLE RUN FLOWER ,10
CHRYSANTHEMUM  JOURNAL,10
BLUE FLOWER DES PURSE,10
S/4 BLACK MINI ROSE CANDLE IN BOWL,10
VINTAGE UNION JACK DOORSTOP,10
ICE CREAM DESIGN GARDEN PARASOL,10
DENIM PATCH PURSE PINK BUTTERFLY,10
WISE MAN STAR SHAPE EGG PAN,10
PETIT TRAY CHIC,10
RECYCLED PENCIL WITH RABBIT ERASER,10
PACK OF 6 PANNETONE GIFT BOXES,10
SKULLS STORAGE BOX SMALL,10
RED TEA TOWEL CLASSIC DESIGN,10
BLACK SMALL GLASS CAKE STAND,10
SILK PURSE BABUSHKA PINK,10
DOORMAT WELCOME PUPPIES,10
DOORMAT VINTAGE LEAF,10
DOORMAT HEARTS,10
ANTIQUE IVORY WIRE BOWL SMALL,10
DOORMAT UNION JACK GUNS AND ROSES,10
DOORMAT PEACE ON EARTH BLUE,10
DOLLY MIXTURE CHILDREN'S UMBRELLA,10
PINK HYDRANGEA ART FLOWER,10
PINK POLKADOT PLATE ,10
DOLLY GIRL MINI BACKPACK,10
VINTAGE UNION JACK CUSHION COVER,9
MIRROR MOSAIC CANDLE PLATE,9
EGG FRYING PAN BLUE ,9
FUNKY DIVA PEN,9
4 BLUE DINNER CANDLES SILVER FLOCK,9
WALL ART BICYCLE SAFETY,9
CHILDS GARDEN RAKE PINK,9
RUSTIC MIRROR WITH LACE HEART,9
SET/4 BADGES CUTE CREATURES,9
LARGE ROUND WICKER PLATTER ,9
METAL SIGN CUPCAKE SINGLE HOOK,9
FINE SILVER NECKLACE W PASTEL FLOWE,9
LETTER SHAPE PENCIL SHARPENER,9
CAKE STAND VICTORIAN FILIGREE MED,9
"BUNTING , SPOTTY ",9
GARDENIA 3 WICK MORRIS BOXED CANDLE,9
IVORY SHELL HEART NECKLACE,9
SET OF 3 BABUSHKA STACKING TINS,9
CANDLE PLATE LACE WHITE,9
ZINC HEARTS PLANT POT HOLDER,9
200 BENDY SKULL STRAWS,9
GAOLERS KEYS DECORATIVE GARDEN ,9
MIRRORED WALL ART TABLE LAMP,9
EGG FRYING PAN MINT ,9
SILVER/M.O.P PENDANT ORBIT NECKLACE,9
MIRRORED DISCO BALL ,9
CONGRATULATIONS BUNTING,9
WHITE TRAVEL ALARM CLOCK,9
MUM'S KITCHEN CLOCK,9
PACK 3 BOXES CHRISTMAS PANETTONE,9
POCKET BAG PINK PAISELY BROWN SPOT,9
PINK & WHITE ROSEBUD RING,9
PARLOUR CERAMIC WALL HOOK,9
PINK & WHITE BREAKFAST TRAY,9
DOG BOWL CHASING BALL DESIGN,9
EGG FRYING PAN IVORY ,8
MINI PAINT SET VINTAGE ,8
MIRROR MOSAIC VOTIVE HOLDER,8
PARTY CONES CANDY DECORATION,8
SMALL WHITE RETROSPOT MUG IN BOX ,8
PURPLE FRANGIPANI NECKLACE,8
PIECE OF CAMO STATIONERY SET,8
DOG LICENCE WALL ART,8
PINK PADDED MOBILE,8
CUT GLASS T-LIGHT HOLDER OCTAGON,8
PACK OF 12 STICKY BUNNIES,8
PAPER LANTERN 9 POINT HOLLY STAR S,8
SWEETHEART BIRD HOUSE,8
WOODEN OWLS LIGHT GARLAND ,8
BICYCLE SAFTEY WALL ART,8
SILVER PHOTO FRAME,8
SKULLS  DESIGN  COTTON TOTE BAG,8
SILVER STANDING GNOME   ,8
PAPER LANTERN 5 POINT STAR MOON ,8
BULL DOG BOTTLE TOP WALL CLOCK,8
HEART GARLAND RUSTIC PADDED,8
SET OF 4 NAPKIN CHARMS STARS   ,8
GYMKHANNA TREASURE BOOK BOX,8
IVORY GIANT GARDEN THERMOMETER,8
GARDEN PATH JOURNAL,8
HANGING BAUBLE T-LIGHT HOLDER SMALL,8
 50'S CHRISTMAS GIFT BAG LARGE,8
BLUE GIANT GARDEN THERMOMETER,8
MINT GREEN ROSE TOWEL,8
MIDNIGHT BLUE VINTAGE EARRINGS,8
SILK PURSE BABUSHKA BLUE,8
VINTAGE UNION JACK APRON,8
LARGE ZINC HEART WALL ORGANISER,8
FOLDING UMBRELLA RED/WHITE POLKADOT,8
FORKED CACTUS CANDLE,8
MONEY BOX FIRST AID DESIGN,8
METAL MERRY CHRISTMAS WREATH,8
CLEAR LOVE BIRD T-LIGHT HOLDER,7
MADRAS NOTEBOOK LARGE ,7
FUSCHIA VOILE POINTY SHOE DEC,7
CHRYSANTHEMUM SKETCHBOOK ,7
YELLOW BREAKFAST CUP AND SAUCER,7
2 PICTURE BOOK EGGS EASTER BUNNY,7
LARGE CIRCULAR MIRROR MOBILE,7
WALL ART VINTAGE HEART,7
MEDIUM PINK BUDDHA HEAD ,7
PINK GINGHAM CAT WITH SCARF,7
SET OF 4 NAPKIN CHARMS CROWNS ,7
GARDENIA 1 WICK MORRIS BOXED CANDLE,7
KITCHEN FLOWER POTS WALL PLAQUE,7
GREEN EASTER EGG HUNT START POST,7
 SET 2 TEA TOWELS I LOVE LONDON ,7
DIAMANTE HAIR GRIP PACK/2 BLACK DIA,7
DISCO BALL ROTATOR BATTERY OPERATED,7
DECORATIVE VINTAGE COFFEE  BOX,7
DIAMANTE HAIR GRIP PACK/2 RUBY,7
DIAMANTE HAIR GRIP PACK/2 LT ROSE,7
 4 PURPLE FLOCK DINNER CANDLES,7
PINK FLOWER FABRIC PONY,7
PINK BREAKFAST CUP AND SAUCER ,7
DIAMANTE HAIR GRIP PACK/2 MONTANA,7
SMALL MEDINA STAMPED METAL BOWL ,7
PAIR OF PINK FLOWER CLUSTER SLIDE,7
SWISS ROLL TOWEL PINK  SPOTS,7
CRYSTAL CZECH CROSS PHONE CHARM,7
PACK OF 6 SWEETIE GIFT BOXES,7
EMBROIDERED RIBBON REEL DAISY ,7
MIRRORED WALL ART GENTS,7
SET/6 FRUIT SALAD PAPER CUPS,7
RED RETROSPOT BIG BOWL,7
BEACH HUT KEY CABINET,7
SET OF 6 T-LIGHTS WEDDING CAKE ,6
CLAM SHELL SMALL ,6
FRIDGE MAGNETS LA VIE EN ROSE,6
RUBY DROP CHANDELIER EARRINGS,6
SET/12 FUNKY FELT FLOWER PEG IN BAG,6
LARGE ZINC GLASS CANDLEHOLDER,6
LARGE CAKE STAND HANGING HEARTS,6
LARGE SKULL WINDMILL,6
MAGIC GARDEN FELT GARLAND ,6
BLUE CIRCLES DESIGN TEDDY,6
"WALL ART,ONLY ONE PERSON ",6
WALL ART DOLLY GIRL ,6
S/6 SEW ON CROCHET FLOWERS,6
GREEN ENAMEL FLOWER RING,6
GLITTER STAR GARLAND WITH BELLS ,6
VINTAGE PHOTO ALBUM PARIS DAYS,6
CAT BOWL VINTAGE CREAM,6
BROWN KUKUI COCONUT SEED NECKLACE,6
BUFFALO BILL WALL ART ,6
GLITTER CHRISTMAS STAR ,6
FRENCH PAISLEY CUSHION COVER,6
TREASURE AHOY WALL ART,6
"ACRYLIC JEWEL ICICLE, BLUE",6
BUTTERFLY HAIR BAND,6
PINK STRING CURTAIN WITH POLE,6
2 DAISIES HAIR COMB,6
PINK SCOTTIE DOG W FLOWER PATTERN,6
DOORMAT AIRMAIL ,6
GREEN ENAMEL FLOWER HAIR TIE,6
SET 12 LAVENDER  BOTANICAL T-LIGHTS,6
HANGING MINI COLOURED BOTTLES,6
HANGING BAUBLE T-LIGHT HOLDER LARGE,6
VINTAGE KITCHEN PRINT FRUITS,6
VINTAGE ZINC PLANTER  ,6
"WALL ART ,PUDDINGS ",6
LARGE BLUE PROVENCAL CERAMIC BALL,6
FLORAL SOFT CAR TOY,6
FLOWER FAIRY 5 DRAWER LINERS,6
CITRONELLA CANDLE GARDEN POT,6
WALL ART CAT AND BIRD ,6
WALL ART ANIMALS AND NATURE ,6
WALL ART BUFFALO BILL ,6
LARGE MEDINA STAMPED METAL BOWL ,6
RIDGED GLASS POSY VASE ,6
RELAX LARGE WOOD LETTERS,6
MONTANA DIAMOND CLUSTER EARRINGS,6
CLASSIC GLASS SWEET JAR,6
CLASSIC DIAMANTE EARRINGS JET,6
CLASSICAL ROSE SMALL VASE,6
WHITE ENAMEL FLOWER HAIR TIE,6
CHRISTMAS TREE STAR DECORATION,6
CHRISTMAS TREE HEART DECORATION,6
BLUE  VOILE LAMPSHADE,6
ROSE DU SUD COSMETICS BAG,6
MAGIC DRAWING SLATE LEAP FROG ,6
DROP DIAMANTE EARRINGS CRYSTAL,6
RED ENAMEL FLOWER RING,6
SILVER HOOP EARRINGS WITH FLOWER,6
DAISY HAIR COMB,6
DROP DIAMANTE EARRINGS GREEN,6
MIRRORED DOVE WALL DECORATION,6
BLACK ENAMEL FLOWER RING,6
NAMASTE SWAGAT INCENSE,6
CRYSTAL SEA HORSE PHONE CHARM,6
ENVELOPE 50 CURIOUS IMAGES,6
BLACK 3 BEAD DROP EARRINGS,6
PAISLEY PATTERN  STICKERS,6
RED KUKUI COCONUT SEED NECKLACE,6
PANTRY CHOPPING BOARD,6
SILVER LARIAT 40CM,6
BILI NUT AND WOOD NECKLACE,6
BLACK DIAMANTE EXPANDABLE RING,6
CREAM SWEETHEART LETTER RACK,6
ORIGAMI VANILLA INCENSE/CANDLE SET ,6
ORIGAMI OPIUM INCENSE/CANDLE SET ,6
OFFICE MUG WARMER PINK,6
DRAWER KNOB VINTAGE GLASS HEXAGON,6
AMETHYST DIAMANTE EXPANDABLE RING,6
AMBER DROP EARRINGS W LONG BEADS,6
AMBER DIAMANTE EXPANDABLE RING,6
SMALL SILVER FLOWER CANDLE POT,6
STORAGE TIN HOME SWEET HOME,6
DECORATIVE WICKER HEART SMALL,6
PAPERWEIGHT SAVE THE PLANET,6
DOORMAT WELCOME SUNRISE,6
DIAMANTE HAIR GRIP PACK/2 PERIDOT,6
PINK CLEAR GLASS CANDLE PLATE,6
PICNIC BOXES SET OF 3 RETROSPOT ,6
RABBIT  DESIGN  COTTON TOTE BAG,6
PURPLE ENAMEL+GLASS HAIR COMB,6
PURPLE ENAMEL FLOWER RING,6
PURPLE ENAMEL FLOWER HAIR TIE,6
PSYCHEDELIC TILE HOOK,6
DOLLY GIRL WALL ART,6
PINK DAISY BAG CHARM,6
DIAMANTE HAIR GRIP PACK/2 CRYSTAL,6
DOORKNOB CRACKED GLAZE PINK,6
DOORKNOB CRACKED GLAZE IVORY,6
DOORKNOB CRACKED GLAZE GREEN,6
DOORKNOB CRACKED GLAZE BLUE,6
POPART RECT PENCIL SHARPENER ASST,6
DOGGY RUBBER,6
PINK ENAMEL FLOWER HAIR TIE,6
DOILEY BISCUIT TIN,6
SPACEBOY WALL ART,6
SPOTTED WHITE NATURAL SEED NECKLACE,6
SQUARE CHERRY BLOSSOM CABINET,6
SQUARE FLOOR CUSHION VINTAGE RED,6
PAIR OF ENAMEL BUTTERFLY HAIRCLIP,5
BIG DOUGHNUT FRIDGE MAGNETS,5
RED PURSE WITH PINK HEART,5
PAPER LANTERN 7 POINT SNOW STAR,5
FAN BLACK FRAME ,5
FRYING PAN BLUE POLKADOT,5
SET/6 BEAD COASTERS GAUZE BAG GOLD,5
SET 4 VALENTINE DECOUPAGE HEART BOX,5
CANDY SPOT HAND BAG,5
PINK BITTY LIGHT CHAIN,5
36 PENCILS TUBE POSY,5
YELLOW GIANT GARDEN THERMOMETER,5
CARTOON  PENCIL SHARPENERS,5
GIRLY PINK TOOL SET,5
SET OF 2 ROUND TINS CAMEMBERT ,5
GREEN FERN SKETCHBOOK ,5
KIDS RAIN MAC BLUE,5
BLUE DISCO HANDBAG,5
SILK PURSE BABUSHKA RED,5
THREE MINI HANGING FRAMES,5
T-LIGHT HOLDER SILVER SAUCER,5
SET/6 FRUIT SALAD  PAPER PLATES,5
ENGLISH ROSE NOTEBOOK A6 SIZE,5
SILVER DISCO HANDBAG,5
BLACK HEART CARD HOLDER,5
BLUE CIRCLES DESIGN MONKEY DOLL,5
CRYSTAL PAIR HEART HAIR SLIDES,5
CURIOUS IMAGES GIFT WRAP SET,5
EIGHT PIECE SNAKE  SET,5
CREAM SLICE FLANNEL PINK SPOT ,5
EIGHT PIECE DINOSAUR SET,5
DOLLCRAFT BOY JEAN-PAUL ,4
2 PICTURE BOOK EGGS EASTER DUCKS,4
SOFT PINK ROSE TOWEL ,4
CANDY SPOT CUSHION COVER,4
4 SKY BLUE DINNER CANDLES,4
SET OF 2 ROUND TINS DUTCH CHEESE,4
GLASS BONNE JAM JAR,4
SET OF 4 POLKADOT COASTERS,4
SET OF 2 TINS VINTAGE BATHROOM ,4
GREEN PAIR HEART HAIR SLIDES,4
LARGE MINT DIAMANTE HAIRSLIDE,4
SET/3 POT PLANT CANDLES,4
BABY BOOM RIBBONS ,4
PAPER LANTERN 9 POINT DELUXE STAR,4
SMALL SQUARE CUT GLASS CANDLESTICK,4
WHITE/PINK CHICK EASTER DECORATION,4
WHITE STITCHED CUSHION COVER,4
DOUBLE CERAMIC PARLOUR HOOK,4
DOLLY GIRL MINI RUCKSACK,4
DOLLCRAFT GIRL AMELIE,4
EDWARDIAN HEART PHOTO FRAME,4
PSYCHEDELIC WALL THERMOMETER,4
ASS DES PHONE SPONGE CRAFT STICKER,4
WOODLAND MINI RUCKSACK ,4
WOODLAND MINI BACKPACK,4
WOVEN SUNSET CUSHION COVER ,4
PAPERWEIGHT KINGS CHOICE ,4
PINK FLY SWAT,4
ROMANTIC IMAGES NOTEBOOK SET,4
CUSHION COVER PINK UNION JACK,4
TABLE LAMP WHITE SHADE WOOD BASE,4
EDWARDIAN DROP EARRINGS JET BLACK,4
RETRO COFFEE MUGS ASSORTED,4
FAIRY CAKE BIRTHDAY CANDLE SET,4
FELT EGG COSY LADYBIRD ,4
ENAMEL BLUE RIM BISCUIT BIN,4
COCKLE SHELL DISH,4
ROSE COLOUR PAIR HEART HAIR SLIDES,4
ROSE DU SUD CUSHION COVER,4
LOVE HEART NAPKIN BOX ,4
MIDNIGHT BLUE PAIR HEART HAIR SLIDE,4
MEDIUM PARLOUR PICTURE FRAME ,4
MIRRORED WALL ART LADIES,4
SPACEBOY MINI RUCKSACK,4
GREY FLORAL FELTCRAFT SHOULDER BAG,4
FOLKART ZINC STAR CHRISTMAS DEC,4
FOLKART STAR CHRISTMAS DECORATIONS,4
"GREETING CARD,SQUARE, DOUGHNUTS",4
HAPPY EASTER HANGING DECORATION,4
LARGE CRYSTAL DIAMANTE HAIRSLIDE,4
LARGE BLACK DIAMANTE HAIRSLIDE,4
LA JARDIN BOTANIQUE CUSHION COVER,4
"WALL ART , LOVES' SECRET ",4
SET/3 ROSE CANDLE IN JEWELLED BOX,4
RIDGED GLASS STORAGE JAR CREAM LID,4
MEASURING TAPE BABUSHKA RED,4
WALL ART KEEP CALM ,4
CREAM HANGING HEART T-LIGHT HOLDER,4
COSMETIC BAG VINTAGE ROSE PAISLEY,4
SWEET PUDDING STICKER SHEET,4
EIGHT PIECE CREEPY CRAWLIE SET,4
DECROTIVEVINTAGE COFFEE GRINDER BOX,4
WHITE MOROCCAN METAL LANTERN,4
WHITE SOAP RACK WITH 2 BOTTLES,4
EASTER BUNNY HANGING GARLAND,4
36 DOILIES DOLLY GIRL,4
VILLAGE SHOW WALL ART,4
FIRST CLASS HOLIDAY PURSE ,4
CHERRY BLOSSOM DECORATIVE FLASK,4
IVORY WICKER HEART SMALL,4
CERAMIC LOVE HEART MONEY BANK,4
WALL ART CLASSIC PUDDINGS ,4
OWL DOORSTOP,3
PAPER LANTERN 9 POINT SNOW STAR ,3
PINK ENAMEL+GLASS HAIR COMB,3
SPACE CADET WHITE,3
DOORSTOP RACING CAR DESIGN,3
DECORATION  PINK CHICK MAGIC GARDEN,3
DECORATION SITTING BUNNY,3
RAIN PONCHO ,3
ASSORTED TUTTI FRUTTI NOTEBOOK,3
ORANGE PENDANT TRIPLE SHELL NECKLAC,3
RED PEONY CUSHION COVER ,3
BLACK LOVE BIRD T-LIGHT HOLDER,3
SKULL AND CROSSBONES  GARLAND ,3
DUSTY PINK CHRISTMAS TREE 60CM,3
DECORATION  BUTTERFLY  MAGIC GARDEN,3
RED RETROSPOT WASHBAG,3
SKULLS SQUARE TISSUE BOX,3
SILVER GLASS T-LIGHT SET,3
NUMBER TILE COTTAGE GARDEN 7,3
SKULLS STORAGE BOX LARGE,3
RETRO LEAVES MAGNETIC NOTEPAD,3
COSY HOUR CIGAR BOX MATCHES ,3
MONEY BOX CONFECTIONERY DESIGN,3
BLACK GRAND BAROQUE PHOTO FRAME,3
SILVER TEDDY BEAR,3
ROSE DU SUD CUSHION COVER ,3
ROSE PENDANT TRIPLE SHELL NECKLACE,3
FLOWERS CHANDELIER T-LIGHT HOLDER,3
WHITE 3 FRAME BIRDS AND TREE ,3
BLUE BREAKFAST CUP AND SAUCER ,3
EMPIRE UNION JACK TV DINNER TRAY,3
MAGIC DRAWING SLATE GO TO THE FAIR ,3
SILVER FLOWR PINK SHELL NECKLACE,3
CHRISTMAS HANGING HEART WITH BELL,3
WAKE UP COCKEREL CALENDAR SIGN ,3
LA PALMIERA TILE COASTER,3
FOUR RABBIT EASTER DECORATIONS,3
GLITTER CHRISTMAS TREE,3
JADE DROP EARRINGS W FILIGREE,3
VINTAGE UNION JACK SHOPPING BAG,3
IVORY PENDANT TRIPLE SHELL NECKLACE,3
GREEN PENDANT TRIPLE SHELL NECKLACE,3
GREEN PEONY CUSHION COVER,3
BLUE POLKADOT PURSE ,3
TURQ PENDANT TRIPLE SHELL NECKLACE,3
SET OF 3 BLACK FLYING DUCKS,3
GREEN HEART COMPACT MIRROR,3
GREEN FERN NOTEBOOK,3
CERAMIC CAKE BOWL + HANGING CAKES,3
SET OF 3 CONEY ISLAND OVAL BOXES,3
GREEN CHRISTMAS TREE STRING 20LIGHT,3
4 PINK FLOCK CHRISTMAS BALLS,3
PINK DISCO HANDBAG,3
PINK HORSE SOCK PUPPET,3
PINK AND WHITE CHRISTMAS TREE 120CM,3
PINK OVAL JEWELLED MIRROR,3
PINK METAL CHICKEN HEART ,3
PINK GAUZE BUTTERFLY LAMPSHADE,2
PINK/GREEN FLOWER DESIGN BIG MUG,2
PINK DIAMANTE PEN IN GIFT BOX,2
4 BURGUNDY WINE DINNER CANDLES,2
YELLOW FLOWERS FELT HANDBAG KIT,2
YELLOW METAL CHICKEN HEART ,2
YELLOW/PINK FLOWER DESIGN BIG MUG,2
PINK GOOSE FEATHER TREE 60CM,2
PINK HEART DOTS HOT WATER BOTTLE,2
BLUE POT PLANT CANDLE ,2
GREEN/BLUE FLOWER DESIGN BIG MUG,2
SET OF 36 MUSHROOM PAPER DOILIES,2
TURQ+RED BOUDICCA LARGE BRACELET,2
GREEN WIRE STANDING CANDLE HOLDER,2
VINTAGE BEAD COSMETIC BAG ,2
BUNNY DECORATION MAGIC GARDEN,2
CAMOUFLAGE DESIGN TEDDY,2
GOLD M.O.P ORBIT DROP EARRINGS,2
HILDA CANDY SPOT RABBIT,2
SET 36 COLOUR PENCILS DOLLY GIRL,2
SET 36 COLOUR PENCILS LOVE LONDON,2
JOY WOODEN BLOCK LETTERS,2
FOLK FELT HANGING MULTICOL GARLAND,2
SET/3 POLKADOT STACKING TINS,2
FOLDING UMBRELLA CHOCOLATE POLKADOT,2
VIP HOLIDAY PURSE,2
FLORAL BATHROOM SET,2
GREEN JUICY FRUIT PHOTO FRAME,2
VINTAGE BILLBOARD TEA MUG,2
SET OF 12 MINI BUNNIES IN A BUCKET,2
GOLD EAR MUFF HEADPHONES,2
BLUE/YELLOW FLOWER DESIGN BIG MUG,2
GLOW IN DARK DOLPHINS,2
HEN HOUSE W CHICK STANDING,2
CHERRY BLOSSOM LUGGAGE TAG,2
SET OF 6 RIBBONS PERFECTLY PRETTY  ,2
TUB 24 PINK FLOWER PEGS,2
TRIPLE WIRE HOOK PINK HEART,2
HEN HOUSE W FAMILY IN BARN & NEST,2
VINTAGE NOTEBOOK PARIS DAYS,2
75 GREEN FAIRY CAKE CASES,2
WOVEN ROSE GARDEN CUSHION COVER ,2
SQUARECUSHION COVER PINK UNION JACK,2
ASSORTED COLOURED CIRCLE MOBILE ,2
EDWARDIAN PHOTO FRAME,2
SPACE CADET RED,2
SPACE BOY CHILDRENS CUP,2
QUEEN OF THE SKIES HOLIDAY PURSE ,2
WOODLAND STORAGE BOX LARGE ,2
ASSORTED TUTTI FRUTTI LARGE PURSE,2
NUMBER TILE COTTAGE GARDEN 1,2
MIXED NUTS LIGHT GREEN BOWL,2
BATHROOM SCALES RUBBER DUCKS,2
"STRING OF 8 BUTTERFLIES,PINK",2
MILK BOTTLE WITH GLASS STOPPER ,2
SILVER FISHING GNOME ,2
BLUE FLOCK CUSHION COVER ,2
RIBBONS PURSE ,2
"RETRO ""TEA FOR ONE"" ",2
CORONA MEXICAN TRAY,2
T-LIGHT HOLDER HANGING LACE,2
NUMBER TILE COTTAGE GARDEN 9,2
SILVER T-LIGHT SETTING,2
SILVER M.O.P ORBIT DROP EARRINGS,2
BLUE & WHITE BREAKFAST TRAY,2
WHITE BELL HONEYCOMB PAPER ,2
SILVER DIAMANTE PEN IN GIFT BOX,2
"FLOWER FAIRY,5 SUMMER B'DRAW LINERS",2
ROSE 1 WICK MORRIS BOXED CANDLE,2
LOVELY BONBON STICKER SHEET,2
CREAM SLICE FLANNEL CHOCOLATE SPOT ,2
SILVER BLACK ORBIT DROP EARRINGS,2
COSY SLIPPER SHOES SMALL  RED ,2
LAVENDER TOILETTE BOTTLE,2
CLEAR MILKSHAKE GLASS,2
BLUE PAISLEY NOTEBOOK,2
CLEAR CRYSTAL STAR PHONE CHARM,2
LILAC GAUZE BUTTERFLY LAMPSHADE,2
BLUE KNITTED HEN ,2
RUSTIC STRAWBERRY JAM POT LARGE ,2
S/4 CACTI CANDLES,2
TRANSPARENT ACRYLIC TAPE DISPENSER,2
BAG OF SILVER STONES,2
ASSORTED SHAPES PHOTO CLIP SILVER ,2
PAPER LANTERN 5 POINT SEQUIN STAR,2
SMALL KITCHEN FLOWER POTS PLAQUE,2
PAPER LANTERN 9 POINT HOLLY STAR L,2
SMALL LICORICE DES PINK BOWL,2
DOORMAT NEIGHBOURHOOD WITCH ,2
ZINC SWEETHEART SOAP DISH,2
YULETIDE IMAGES S/6 PAPER BOXES,2
ASSORTED CIRCULAR MOBILE,2
ABSTRACT CIRCLE JOURNAL ,2
POLYESTER FILLER PAD 60x40cm,2
VINTAGE NOTEBOOK TRAVELOGUE,1
VINTAGE GLASS COFFEE CADDY,1
HOUSE WRECKING METAL SIGN ,1
BLUE TRAVEL FIRST AID KIT,1
CHRYSANTHEMUM NOTEBOOK,1
FOLDING UMBRELLA PINKWHITE POLKADOT,1
FOLDING UMBRELLA BLACKBLUE POLKADOT,1
VINTAGE ROSE BEAD BRACELET RASPBERR,1
GINGHAM BABUSHKA DOORSTOP,1
SET 4 PICNIC CUTLERY BLUEBERRY,1
CAKE SHOP  STICKER SHEET,1
SET OF 36 VINTAGE CHRISTMAS DOILIES,1
HAND OPEN SHAPE DECO.WHITE,1
GOLD FISHING GNOME,1
GOLD COSMETIC BAG PINK STAR,1
SET OF 4 GREEN CAROUSEL COASTERS,1
SET OF 36 PANTRY PAPER DOILIES,1
BROWN CHECK CAT DOORSTOP ,1
HEN HOUSE W CHICK IN NEST,1
BLUE ROUND COMPACT MIRROR,1
VINTAGE BEAD PINK SHADE ,1
PINK  HONEYCOMB PAPER FAN,1
PINK RETRO BIG FLOWER BAG,1
SNACK TRAY RED VINTAGE DOILY,1
PINK HEART SHAPE PHOTO FRAME,1
PINK HEART RED HANDBAG,1
PINK HORSE SOCK PUPPET KIT,1
PINK PILLAR CANDLE SILVER FLOCK,1
PINK POT PLANT CANDLE,1
3 PINK HEN+CHICKS IN BASKET,1
VINTAGE KEEPSAKE BOX PARIS DAYS,1
VINTAGE NOTEBOOK BEAUTY GIRL,1
SET OF 72 GREEN PAPER DOILIES,1
FRYING PAN RED POLKADOT ,1
CAROUSEL DESIGN WASHBAG,1
GOLDIE LOOKING MIRROR,1
TWO DOOR CURIO CABINET,1
TURQ ICE CREAM BUM BAG ,1
CANDY SPOT HEART DECORATION,1
GREEN CAT FLORAL CUSHION COVER ,1
SET OF 3 GOLD FLYING DUCKS,1
GOLD WASHBAG,1
SET/3 RABBITS FLOWER SKIPPPING ROPE,1
FELTCRAFT DOLL MARIA,1
SILICON STAR BULB  BLUE,1
COLOURFUL FLOWER FRUIT BOWL,1
"LETTER ""D"" BLING KEY RING",1
WALL ART I LOVE LONDON ,1
"SILICON CUBE 25W, BLUE",1
ENGLISH ROSE METAL WASTE BIN,1
LARGE CAKE STAND  HANGING STRAWBERY,1
CHILDS GARDEN BRUSH BLUE,1
NUMBER TILE VINTAGE FONT No ,1
SILVER/NAT SHELL NECKLACE W PENDANT,1
SUMMER DAISIES BAG CHARM,1
STRIPEY CHOCOLATE NESTING BOXES,1
STRIPES DESIGN MONKEY DOLL,1
DROP DIAMANTE EARRINGS BLACK DIAMON,1
MIRROR MOSAIC T-LIGHT HOLDER ROUND,1
MIRROR LOVE BIRD T-LIGHT HOLDER,1
RETROSPOT BABUSHKA DOORSTOP,1
RESIN NECKLACE W PASTEL BEADS,1
T-LIGHT HOLDER SILVER PETIT FOUR ,1
EMPIRE DESIGN ROSETTE,1
MIRRORED WALL ART PHOTO FRAMES,1
BLUE GREEN EMBROIDERY COSMETIC BAG,1
MILK PAN PINK POLKADOT,1
SILVER LARIAT BLACK STONE EARRINGS,1
MEDIUM CHINESE STYLE SCISSOR,1
EMBROIDERED RIBBON REEL SOPHIE  ,1
BLUE EASTER EGG HUNT START POST,1
BLUE NETTING STORAGE HANGER,1
CHOC TRUFFLE GOLD TRINKET POT ,1
CHILDS GARDEN BRUSH PINK,1
KINGS CHOICE GIANT TUBE MATCHES,1
S/15 SILVER GLASS BAUBLES IN BAG,1
ROMANTIC IMAGES GIFT WRAP SET,1
ROUND CACTUS CANDLE,1
ASSTD RASTA KEY-CHAINS,1
NUMBER TILE COTTAGE GARDEN 2,1
PACK 4 FLOWER/BUTTERFLY PATCHES,1
ORANGE FELT VASE + FLOWERS,1
ORIGAMI LAVENDER INCENSE/CANDL SET ,1
NUMBER TILE COTTAGE GARDEN 6,1
STRAWBERRY DREAM CHILDS UMBRELLA,1
SMALL PINK MAGIC CHRISTMAS TREE,1
"SMALL POP BOX,FUNKY MONKEY",1
DIAMOND LAS VEGAS NECKLACE 45CM,1
PAPER CHAIN KIT LONDON,1
SMALL ZINC HEART WALL ORGANISER,1
SNACK TRAY I LOVE LONDON,1
EASTER BUNNY WREATH,1
BLACK EAR MUFF HEADPHONES,1
PACK OF 12 DOLLY GIRL TISSUES,1
PACKING CHARGE,1
OYSTER TRINKET BOX,1
PACK OF 6 HANDBAG GIFT BOXES,1
PACK OF 6 PANETTONE GIFT BOXES,1
BEACH HUT MIRROR,1
ASSTD COL BUTTERFLY/CRYSTAL W/CHIME,1
DIAMANTE BOW BROOCH BLACK COLOUR,1
STARFISH SOAP DISH,1
ST GEORGE SET OF 10 PARTY LIGHTS,1
SQUARECUSHION COVER PINK UNION FLAG,1
SPACE CADET BLACK,1
WOODLAND STORAGE BOX SMALL,1
ASSORTED CHEESE FRIDGE MAGNETS,1
PARTY FOOD SHOPPER BAG,1
RASTA IN BATH W SPLIFF ASHTRAY,1
PEACE SMALL WOOD LETTERS,1
SMALL ROUND CUT GLASS CANDLESTICK,1
POSTAGE,1
DIAMANTE BOW BROOCH RED COLOUR,1
PERIWINKLE T-LIGHT HOLDER,1
ANT COPPER RED BOUDICCA BRACELET,1
POPPY FIELDS CHOPPING BOARD,1
